b310d7ee-dc2a-40ef-acb8-1ccde8095b0f	f1e5be9c-194b-4892-a139-c156b0ed5aa5
196a9692-05fc-4b25-b355-47bd23a7a02d	7101ae2e-31e2-48b3-9051-8b56fa36ad81
647036b9-a3ea-4a3d-a451-b25c6cbd94cc	6fddd7b6-3454-4501-a7df-7969d3246cba
dd5dd1ab-d4d9-400d-8283-0a83925dffa9	7bfc6572-ff22-4be4-927d-9dc723270fe1
f2e9afa2-ad39-4073-99b7-c451ab168fcf	b4ecb556-60cd-4b89-8c85-26fed130d854
f00a6f22-fe92-442d-99f0-50ac9a8d508a	f68b36d7-20e1-41d7-b8a0-fb015efd81b8
381e843d-19fd-44b3-9983-b49a142bd7b1	151ace53-9e7f-4f54-890b-9b352028afb7
620920ab-e6ed-4d4c-86ad-7a715c1c96dd	6cdf1771-8e53-494c-a437-944184356e58
9310b37a-40c5-4f5d-905c-5940dabe9b55	03ba2e26-f287-4aa6-995b-4ba98704d991
8b1a9506-1e1c-48fc-b531-b95491afcaab	2af940fb-207c-4036-b9fb-39a5ffb8083d
7f96a1f3-a5a1-41d1-a3fc-d8426018023b	ecc5391b-88fc-4df8-9d78-f0b7b0b46482
8f578e8e-1b91-4698-b935-b9d3fa2ab539	d6035823-a2e3-421a-88d2-becc007d6a53
28086a18-e6d2-49d8-bf6c-8c1ca24c27c6	2ce1073a-9f51-49e8-9f1e-c64bcf8ceca8
26a30a02-399b-4c2f-a671-0bdfe0551180	5a903e6a-337a-45bf-80fc-9455c2df3eb3
8d5b1adc-5ed1-49af-8505-1cb0cc862ce0	69010c91-4e56-4d63-9066-b8dbc83682a5
c57107cd-dbae-4bea-ad84-392ebaf52389	6894f6ea-a8b4-429c-93bd-81249dfc002b
cc5fadfb-5d03-45c8-9108-074d15d68ef6	8d09a888-6491-4c3e-801e-cee93378a45e
8b4ea78b-9ae4-4e4b-9384-765b2c7a49d8	fdd5bc87-f754-4ddd-b99c-8b14b936cd2f
07b33ab7-32f2-4715-85f6-73120661a69c	b69d5308-c27e-4575-a5ef-38950d9962a8
3ba9ba75-4c2b-4bf6-b667-f35c248d0733	891ec618-258a-4a51-889e-6f1bdd638ccd
85addb17-5f0d-4ca2-87c4-28e721480b85	df9846a0-a806-4ab1-9631-18d631d8ec3f
d73c72b9-d381-4e26-b219-461023846687	b922501f-e69e-4484-8ba1-c5e109e4b8f2
25de6571-b409-4dae-88cf-b8a411d1a27d	deb4ed75-53e3-458c-a851-f6acbda48f28
4eddbdc1-2b6f-493f-aa56-51caf5604c65	66e04a59-9100-4c0b-8987-b119e16399fc
670da9a6-00d5-4b76-8666-074dd558a854	1d43f585-b25b-4e77-bbaf-1b22c8e08e17
d45a3822-9ecc-4382-99b1-106c15577eea	e7a9de1d-4db8-4475-9e96-93ccc43f5a17
02c1aaf1-b749-45a4-b361-2cee171c450c	1d0830bb-4ec1-4130-b182-d25721c4c5e0
ccfbf879-3aa5-4e00-8abe-3e5ae9509a8a	4beaf6f3-21ed-44d1-82ab-42453523e596
ce0f4899-ddd9-41b9-88af-f2d54f0a30b9	0bb650a5-f9cc-406a-bcaf-3807cf94981c
af31b37d-99a8-4f11-8ef9-8b72d0fe7b70	2060bd94-3668-49d9-9da3-dca7626a8bf4
6623a434-5374-4127-8e11-2cefaf340f1a	f5c9820a-5d83-4d92-8514-27be46232b25
9c74c139-c1f2-4b7b-aae9-af3d4e93b26f	755a26e2-5295-4f82-ac1c-87b26373aabd
a1e843af-aebc-4189-8b47-504cba4f2a9a	752fe5e4-a49a-41de-8e0b-36315b25f11e
02edd0cf-af7a-4295-a3ea-e412abbb375d	e9becb49-f0a0-4bac-b34c-7de13e273a2f
d4538254-0c7f-4202-b20e-9f07cc739b37	0a7094f0-fc9d-467a-bcb6-6f6cf82fdd0f
ccbc6c11-fff9-4d1f-a112-feab2e04c6f0	d29e728b-af9d-43d8-8a7b-3d284007e9bc
7469f695-c9f9-423d-b85d-19e95c4031a9	1d54d6c1-13f6-4d6d-a1cb-1eb42b5159f8
a2a01320-a17a-490c-99e3-a7a9140129ea	c5d6437d-43a7-46fd-b087-c248a32a5644
d52d33c6-9b72-4ba3-a8b6-96902437baa3	8a64c4ae-8ea3-47b2-9027-6f7015c41d69
5d804211-4b51-47fd-a83c-8cb7de278b07	ba20e547-42a8-4090-9975-ec11c91d1a9a
a734eded-100f-4254-89ff-4bec68dfaf2b	33c1249f-8d7d-464f-8d78-43ff37424906
1a3a8c03-c096-4285-9333-a49b3e5fd73d	5756b0dc-7b1a-4bbe-ac6e-23e817ef5299
9ef22a67-0d63-44a9-bd32-114ac77a7eba	a4244534-3bc0-4d51-9b4c-edf14f82a409
f08beb73-883e-4ef1-9b6d-e210f971da91	1e95c796-d521-4cdd-b79f-f634308e5f66
ed74cd5c-ba8c-4190-b188-5f3f7a4132c1	0d1997a6-3577-4ee2-9f05-298ce832eee8
1177f006-aacd-496a-a062-ebf32635c6e3	0686d268-6a3f-40b1-815f-fd15559bb1b8
e1adbb37-7cd5-4ec2-9498-4b990200b4bd	28341c5b-1a32-4fbb-a1b8-561b00a504d5
9847d6aa-7766-46d5-b4d8-2b3c3f2a3654	840177a6-823e-4219-867d-c8a94a9eec23
03117443-95d0-49eb-9e85-1494d600dde9	8177bcb8-acb9-4056-84a3-789dba61d7a2
50eab07a-0969-4e91-b9e9-061a176483d6	c4e93e64-ad96-48f0-805d-4e6fd2b4ad03
2628b027-29f4-428e-87a3-47686ed31431	e5245318-218f-4329-8608-d5a05ac7742b
4021853a-0c86-43bf-a355-24353d38c780	01acc09b-7732-48c4-988f-f723afb434b1
f326c65a-f546-4720-b08d-a1ad557015e4	5f5a2a97-325e-4308-8938-a77daef49364
bf274c32-3998-44b5-b7fb-671167594031	e892a80a-baea-4817-b511-255df1e1fdac
9a60492a-c82b-4c8c-afc2-5de22dbcdd67	56aca534-3dcb-42a5-b1b6-031b0fdeaf3b
709079e3-2303-46e4-9d96-fad398758a4e	0e519d5a-7103-4393-92d7-7b47e23aaf3f
9a97c5d1-0226-4b22-8966-33d914b81b26	6f2f9614-10c4-44d9-8a7f-2267cc5584b2
cfe774e9-938a-4a06-82d7-92f42b5fc88b	faa1be05-4c59-44b1-ac43-ea34666835a1
3aa94f86-edde-4e98-904c-8ca7dec4dadc	ee99f002-5ed2-4927-aaf8-4cd22b33d7cc
c6e73592-c15e-4e74-b307-6a0f4b43c4b3	514224b7-f74c-4f57-8a28-6facc3962e63
b172d37f-d3c6-4bfb-b980-8b7318ef20fb	fb9964e6-5baf-440d-acf6-1ef2e1e59daf
14888793-77dc-459e-8827-93494d2dcb76	a6961285-214b-4c05-ab8f-1abd753c2a56
9433eea0-a12f-4607-9194-a99e0f166511	4629215c-ca14-4478-a822-81213bf3b112
21ad076a-8ba0-4aa1-bdee-bb564c3f99ad	25de26c4-9bfd-4068-bd2b-11fd0c12fd56
dfc818c6-2dcb-4fe3-8181-1732510fb60f	16f9924a-905a-471b-94f9-5eac4f9d1cdd
83adc2a5-7d42-4b9d-be2c-b8de6b5683f4	fd376691-c246-40a4-b3ff-f27e0410fa9f
2e3f628d-4bde-40dd-9ae0-5f6f250e76cf	b4e879f4-ef0e-44cb-8318-da86e8309a4d
cd42ae82-e1f4-43ce-8e86-348a57393d42	3b5fc50e-1ee0-4fb9-91c1-c6a1e19579f9
f425c727-3abc-44a5-ae5d-55f4579d32d0	11c7d6b7-134f-4951-bf68-42020b1ff770
2e2f2c45-7667-44e4-8556-6b590cf52b62	8a074589-3c46-409e-aad6-0cb7e07afe48
35df9203-c70d-4ac2-a8dc-9de54b5182bb	189685a4-2807-465e-8d9a-e161d926377a
4a42e79f-e225-45d7-9119-a9929faf2204	65ae3a90-fdf4-4708-b29b-068571a4723d
3297286f-92b0-421d-bad5-880ea3cc4bc0	2ae83400-207a-4b0b-96a7-1a16b4bbb6f5
59ac7fd7-2342-48d9-9d5a-8a3865aa86ba	1e57191a-06c1-41ef-8a92-2e32370e0f42
2bf529ed-c17d-40f6-9794-80c21467364f	94e6d7bf-8186-41d9-a302-efcef4087d5b
9c66784f-69b8-4c1d-8b9d-5099366a20aa	f2093e4c-f059-47bf-9dcd-cb556fecf3e7
a607c520-77b2-49b9-a29b-a036d483470c	85c50293-3302-442d-be58-5648308fd23d
ece6f856-a30f-424a-8a41-d18c1aec3f44	f5105328-ad2c-4143-82c1-9eac2a7c9a73
4f9ee823-a264-4f18-aee6-02f30382af95	c3ad9379-9873-4b2e-a7fb-96d5ad03e5da
704d9fd1-3b94-4e51-b7e7-60f8d5af219d	bc3e075b-b50f-4eaa-ab0d-aa16123e2967
0bd8ed0d-4a29-4d2f-a21d-7e92163b5e9d	66003f39-a287-48f4-9947-7264576e5415
a9feb2cf-50ae-4a77-a5f7-4a621f6c53d2	44732067-a35f-4dda-83cd-2eeb70230860
c37b2a99-0efe-421b-a146-d5d0c052299b	13fe0ac9-0d04-41dd-8b87-303d7b85780c
0c4efb92-01a0-43ff-8777-302c35d99a3d	642e5031-1cc3-4d2e-bc88-2e9a2c688055
35c87f80-c1cc-44c0-ac1b-399d0995c024	61f34128-eb95-49c0-9025-ba5b85c82a97
f04260c4-86ea-4750-b7e5-0e3893a3735b	6b651651-7865-4bff-b51a-7d19abe5475c
75793e7f-4bf7-4d49-a720-b5368324f574	83da3675-a070-4864-b39b-1ced40c538bb
24fc1c5e-c905-4137-8f66-e069b4f89599	d45f06da-da71-4751-8d57-009805dadc83
5d472158-562e-4768-8461-f956cabb644a	170515fe-2835-4877-8fc3-fdac4b636378
7a38abbc-c193-44e9-8926-c649dc2a5086	94f8e59b-c46e-4c16-a020-a12ca7bceb36
1fe16403-e62c-443b-9df7-56e5e46ec654	303bba86-2932-4974-a9cb-8ae0de99b982
513a0bed-651a-4ec7-ba8c-a2891059b59b	7af7df33-b6d0-4e15-bf92-66075f819568
37a05762-748f-4756-865e-5b63d24affe8	66f5a24c-89e9-4290-a4be-5cfcd90c5424
8a8610ae-60a8-4caa-b18c-484797ac014c	e7403c80-6591-4702-aef2-26badc745f51
952cd60d-58b6-4cca-91f3-14c938108e22	3e8dbb0d-f0cc-43d9-819d-12fa395fe0cc
8638b971-c949-4cac-82cc-463be3469da4	2d7a8ba8-f0af-4518-af0a-5dddd1238ee9
bc85ad95-9661-4308-ade7-a88e2d50e18e	7e519e6e-7401-4bd3-b85c-060a7c9829cb
5bcae02b-8f4a-4e07-816f-5582acb7f191	6b5db63b-dc78-46bd-b697-8585d5fc8c93
5fc5b91f-499d-4ce2-ac9b-3d8c061293b6	27d796e2-5b2b-493f-a41e-dc7d4353f9f1
909042cc-8172-43a7-a3f6-e913d4fdb1f0	35f8b85e-599f-4ae7-bf39-46dea86bb612
f5eebc08-92ec-495b-bba6-db458f2b4cb0	ed835c4d-661a-4289-8a08-4cef9f426f09
de5f885d-95c7-4445-94f0-4e8fedd6a44c	d0ad037b-4332-4d4b-8227-0f0f492650ea
2b5d4b92-dff2-4bce-9043-b5818ed9299d	0471b016-5817-47b8-8856-461e38198774
a89a7c30-7a5c-49fb-95fa-b21c8eeff43d	156c3480-27e9-4ba5-a591-723438ad1905
c37657c6-cb7a-424b-bbfe-6bae83f3ac8c	5c68029a-56ea-4db7-b739-fe023c8cf21a
71df4980-5d21-48d9-a4f1-0fd7345e3f16	d77290e6-f07d-4e32-9022-dfaec7b1727f
6f228e2a-e34a-47cb-a6f3-8ca37ade05c1	a2fc3a9d-7492-4c61-90eb-40e545cd62aa
e53511c7-d706-4860-b24e-bd26534d8f32	7fea2a78-4f81-4c94-85d7-4a3667d2cae2
e2d0b2b1-47b3-4ed2-a4d2-66fb6d0b96a7	29ba2efd-18ad-4df8-b783-ae908b7a4ecc
d596b8f1-ff92-4252-8c97-3e1ee950f060	e38b2a5a-5a0b-457b-8ab9-963daf2493d4
690ba52a-ff35-4c31-bb83-b8774418713a	757e4ac4-82f9-4a24-886c-e8e3b5994875
3312d0f7-4df3-4de1-8e95-022afe6de9ed	940531be-6b8e-4d1e-aa16-5de7c654e69b
c6ec5bad-4ff0-4d6f-ad29-76f7ba179b1c	2793f603-ea50-48fe-9d08-4c980a4c1ee7
e7764daa-6b21-49e2-b8c2-e4404790a99b	216e1df3-eb3d-48e9-a9b4-2eb9bbf69c6c
8a576467-0813-4831-af9a-78525fb00fe0	445c1193-8a3d-4304-86bc-e1bf49772477
b5aab563-5dfb-4ce6-8ae0-ce0cba5e63ea	9fd3862b-0730-40bc-a83d-d2cd83199c20
26beacc4-a84c-48d9-9a91-4475b8d07fd2	f7387148-c123-48ca-b319-1d18252180d6
b31884ef-fe09-4e6b-a86c-dec745f9ed91	1855fa18-d678-4f03-a546-002559cac46c
022e6406-3b71-4ef9-8231-a51a3ab2bf99	34c132f6-5aa7-4acd-8399-6e1bfead5fbd
82573a43-6248-45fb-8b89-1a96d34f1a87	95b782f6-23f9-4a4e-9cca-29b2cdca2ba7
582432d6-73d9-4037-97ed-42845f9b77a8	fe925005-cd5b-4c9b-94d3-546507e856f6
36703cc1-9ef6-43de-8949-c4836006a153	a012a064-1526-4f36-96ff-9090b70dc701
27525379-fa75-49ad-bd45-7e2f0a9344f9	ef8ca312-1850-4b83-a011-8d340be88d55
1db8e586-9c42-42eb-a204-1601db33f1c6	de4a0e51-7d25-4aa5-bb71-04bd146dfafd
1e634b17-0b0f-494d-a70d-3ecf51bcf08a	332d6939-a002-4d3c-88b8-3c52be3f9afc
f68072ae-af14-47c8-aec9-eb6f740c5f70	e8052b89-987d-4bcc-9440-572b9d6e5105
08bda305-a63a-4c2b-95ce-a71e47f19670	d4c0aa92-f3c3-4cb0-a8a1-70c28c56e32e
9fdd84c6-02b6-4304-9543-cab48b3288b1	2de8e650-e847-49ae-90ce-fc27422ce2d4
465b9aa9-4ec3-45fe-91d2-c60c905f2b99	6f854793-851d-438f-813d-3f8d6f3a73b0
987a0775-0baf-40d9-b0b4-c677c23cbf6e	a61bb339-c16c-4a37-b1e8-53a72d7af1ac
cf07aa8a-1279-44bc-99c2-6cab1d6bfdfc	43e35464-a27e-4d3c-9987-876b5071cc50
2f019cf6-201b-4360-b08d-64eb44b1a1df	990ef069-d2b7-45b2-9a2f-8773f4045cb3
b259d43a-dd83-49eb-ac08-cbbbfba6b6e6	8a308593-1bf9-441d-adc3-49bcf311ce0d
22ede81d-70a3-40d1-86a0-334ddaddfe2f	6d0ae46b-669c-47f1-b251-6ae547e844a0
6b4f1fe1-9312-443c-83b1-07ba2b2f0404	ab8dd28b-f788-4b7b-8fdd-5e992c45965b
81e4a380-f9d4-46d4-81ff-16614afa89b5	00ec9db9-aabb-47f0-b668-9c911ff4bd53
489fdd26-c4c2-4cc6-b8f5-5633d9f37ec1	a7673269-db32-4d72-9a57-8666e30e6c08
f1513432-16ec-4969-9542-20ef1813b882	4f2383ba-76a6-456a-b0a4-d4462d4bfb73
5d8adab9-3a97-4388-b217-3795b79108d4	5eb60532-4d58-4986-ab4c-993e734409fc
646f0c45-c70b-416f-9947-60bd34b4e67e	758fff48-398c-4318-aeb3-06be3723a5e3
afc8fe84-f62c-4fec-9c74-955f31ab2d02	15592268-1fc3-4cd0-9216-e13c0f531d45
32715dca-3fa5-44b9-a35e-7a0e4cd237de	21898957-eae0-4ef1-9881-183efd00af42
ba1d168b-bbda-4f29-bfa1-02324202542c	66ae9bee-fd17-4d62-8845-5389135bddfc
0512c03e-e73c-4602-b14c-56ae96529021	b9f7e2a1-807c-4ea2-b523-e36d77ce5371
1ef8b1e0-fbf0-4175-a8db-24a46c438b00	43ec59bc-4b7c-4b07-afa9-91463ab65ba7
c80ee969-417a-4ab0-aa6e-8fb568dccb2c	18fa920c-0fa7-447d-a140-97d02d7bfe44
1fab31bc-f4c1-4787-bcba-0d43be493c8c	547c17ac-9e19-4810-bd87-b916f87ad555
8c10e134-8ef9-49a0-879b-a18b2a0c9344	ead0ab86-794d-4f1f-9eae-2dadaf7618df
0129d16c-ddd9-44f3-8b43-147e381e8b9a	fce5571a-15cc-4584-896f-333405158ce9
36823665-bd9e-48d4-af44-f18d7a6c0105	2cb6a60b-5fa1-4b41-982e-7bd076b353c5
67c2d860-dc20-497c-bb2f-61526ef5f32e	1c0f2f79-5a0a-4e9b-b07c-f4ed632625f1
f917c819-b129-4ef0-a8ec-c4cc58d7bba4	9c988472-b054-401b-ad24-3b670e5a31de
5d6571ae-3f54-4552-9a68-8adf1d7919c6	f08b094c-996e-4673-ae17-fd42fb098c22
8a5d1fa0-1cd2-4a15-9d2c-1e5033d39205	fdfa0cea-fd06-467e-b4e5-398004d42b38
8c605f0a-a72d-4dc3-bf0c-1f07f39818cc	6ad93fc9-38f7-424b-91f6-80b760ced879
1cfad1a4-5019-4add-9142-d8f42cc3dc83	9dbc95cf-7285-464f-b547-2cf654c09217
d420bdc5-f776-4594-b582-f5f9f0a3e54c	ee2da7ff-0756-462f-acfa-38db8a333b94
d2691b9c-311c-4b2d-8ab0-502557a02e03	3adf28f0-bc6e-43e8-9213-e0225d3e952d
c1942115-7e50-4633-b28e-559c9e21a7f6	9cb57af9-0625-4b31-bcf5-f214e9bf6dc1
bf87b685-74b1-447e-a7ee-a7cd49963899	d93b2b2a-135b-4f29-b2cc-a833159349a1
192082c5-0c72-4480-acd2-4c47addc0ded	d558066a-3562-454d-b2eb-7b6ad2a931e1
3a5d1314-8131-4daa-91cc-184bab55accc	5c6557e8-0a26-492a-b09a-a3a94ff21771
e613f1a3-ede4-4fbf-b1f9-e3ace20f8e8d	db98bbda-a0eb-46d6-9595-ccf462730823
caa5f826-f5bb-4ca8-8cfb-7c923cc03487	ee454080-c6f2-4d39-9cf0-5b440ec2c4d8
ffb44072-5158-46f4-8e55-223594a07886	23ebef96-8ce9-444a-a4cd-9b9214f73363
4a9f16df-24f8-476b-912f-b6009d0da0ec	f5a2347d-26b1-4f15-a9a6-4978d4f0ed55
ab336b83-37d0-4806-82f7-46f2f3a99073	4b4dda2d-7029-4ce3-90dd-fe9c024a619a
4e4c1e17-4a84-4102-8329-0970d2d5bcd3	c6347191-0f31-46c0-97c9-489fd67642b5
a8b7e01b-fdc7-49c4-b5cf-048a5d2c5d79	3b5c46d4-0349-485e-adda-3536e0c35282
d0074a81-c381-42b3-a95c-46103665d674	9c4a48de-0bb9-4e90-ae91-34910a211648
7c4d1531-4a68-4841-97e9-d27870c8031c	69e177d6-be76-45a9-8be0-52c431313dd4
522d9abf-46fd-4f68-bd33-35edf312d099	aaf10cf3-f88b-43ee-831b-7fb42ed5bc08
bbf9e5df-9335-4526-ba64-664e8d0e1490	d7d3b6e4-92ea-4978-9068-3a616924834a
24c08e7e-c8a7-4569-84ef-f5e1462ca0e1	ccf284d3-1269-44dd-8624-40a00680fd58
c5ef3ace-6e87-452c-9599-59a86489341d	eb388699-bfc7-45dc-adb8-8a8cccd6c792
7638b725-a7c8-4937-a02a-89d147cc90a6	4bbcebbb-86b0-4c28-b982-fb2090e4023b
6a6db362-89f3-4bdd-b0cc-ea6096e2fc47	253faddb-a531-49bc-ad81-99d0a82558ca
18558151-a892-40f0-8017-3581f6e618c4	54db4f6a-17ad-447d-b4f1-4bab1fc58caa
41114b57-3ff5-45e9-a819-0568d571787a	edd1c5c7-9380-4f65-a710-57fa08dd67be
4c17412a-9509-47cc-b5eb-b8d3249fabd2	49e79c6b-c5d7-4390-8b5a-316c114c38b8
42d72677-be1c-4f6e-bc57-8f6735fc7e8c	28ed6c12-689d-4d35-9fcf-e0e4d80e8d7b
60abc254-ca67-4fe3-8b7e-1bc569303068	93e65473-c0e2-415e-acbe-17078fb339cf
3f9095ea-9e78-4b99-ae15-41c585c1504c	8ea840fd-4357-494e-b4c1-c9052f31f99d
18dfe06f-d50d-4639-abdc-c07ac7ca3e5d	02379b7a-780e-48f7-99f9-70007bc07f7b
5a57e7d7-39da-4775-89b7-20f6140f9316	90ebe79a-0e6d-4298-9c7c-ae7594ab1729
47224edf-38f3-4aef-9b7c-3a06a1644078	97bafda9-a2bf-4ed6-8761-e5cc2abbf25b
d9e7b304-c053-4239-aaae-cbe7f908d981	089dee9b-f776-4d84-a38f-19d430bcd30a
814a8d3a-d8d0-4615-913c-d4d5d1c73f33	b6f5cdda-22e0-4b5d-8e0c-7f68ebf08866
1f646506-e2c5-4006-b39f-c762fa26779d	1a7e731f-cca5-488d-a303-fd4acbda0702
e0f3b1cc-e920-4059-97b3-917c0c9bbae5	3ee6cd0a-9024-4ea0-9056-6cfaab4ef1ba
64c5cccf-059f-4b08-a890-6d07aecac01e	e6ec4071-7f7f-479b-8d38-4749f7ec88f5
70987387-d917-490e-a31e-a5fdadc63c9c	0d0f61c9-c919-4f31-a35b-f98708479271
b8b9fd92-673c-4049-adaf-c09ba5bd8e13	7d8d3c4f-6772-44ef-8383-5f6fca00f6e2
ea780428-4b5b-4e8a-8fc0-8edbecc79e47	f56f15a7-bba4-4360-9437-acb2a37253b9
6d3f216f-4842-41f7-800c-5b06bbc37672	d99243e7-27a3-4c9e-add2-d8a71dc92483
01c1ad0a-57c3-46fc-9660-4a2c1be7c5ef	8e7d0374-cc01-4898-abd0-2ec543a5e67c
ea91c4e7-2914-4ac0-a707-099e876cb6ac	caca9ebf-9796-4368-a2ce-287ec9860d0d
eff5a4b9-3b35-4b54-8f26-2cc29cd7eb55	82d7034b-2b8e-4e3d-adff-d3b2258a5566
a616af2c-0e8d-4e34-9ebd-7a3b0f427de0	c89263d7-bb95-4071-aa7c-de5252047f30
9314594a-7112-455f-b6bf-8c7ed3ee193f	2022e584-3fbf-46a8-a18b-6d6f05b13bb1
ffd02b44-c637-455f-b50a-e100eb73a379	d72f1ecb-45ff-458e-9fab-908937aa431c
7e7d930b-dddd-45d2-9526-0fbb34f953a5	64f15a27-4aa8-4b41-9184-daeb838d8a93
f8953bee-747e-4414-bfb9-8bde6d87ae30	fb2eb728-bcfd-4951-95f1-c316df4fdbff
21e7995d-cd8d-430d-b44d-0701f82f5eb1	a8516aed-0f4f-4084-a8d4-d1aacb60548e
1efcdc81-3a60-49ab-8f29-8ad7058c40fa	3fb8b225-af54-4f24-a7f7-872700baef9f
ac8af09d-f63c-4a33-a912-d80a8adf7e2c	5ed19cdf-15e9-4618-a7ed-34761c2586d3
f01efb30-a4bd-45d2-9d14-57c89c0d9383	7e841588-6f7e-418e-8169-7c50531f6add
4ae27a34-ff5a-479a-b71a-f553d7df6041	ca689218-a2b5-4737-99fb-8f3f82f29771
3f6909c7-c911-432c-ac37-f2528277a5f6	fbce71c2-bf8f-43de-8e9a-df61a9359e74
6e130906-ffe1-4059-b091-ee3e300397ea	1753be08-8a80-43bf-8230-d92c20c67d17
6b639a68-a1a8-4871-91f4-978f57225656	f873c4cc-7aef-47b0-a5c9-34bbf137c399
40d36642-a4f5-4651-a70c-3701f8756a28	15b387b8-ee0f-48d4-a7df-7bf1046a9fa8
160d8a96-a42b-4222-9b62-484c329043c8	893432f7-2fc2-49c9-b75b-c730d2ea3a42
ab11fefd-15a9-4188-b607-51de3eb8bfdf	6886b36a-c682-40f7-ba6a-8b71ac88ab1d
daa9135a-1564-4dd1-baf3-dca1eba2a264	b2d6f5e3-b727-4d6a-b130-254b8605634c
84b62da7-db0b-470a-8c86-e112ff49c164	ef4865c6-6ec5-4902-ab18-153fa55d56be
3bae9e12-fe17-4f4b-9205-afbc79a0bd96	7686a39f-b641-4caa-89b4-0a6966ba2af7
4c789f6b-dadf-4630-b453-de117fa6f544	e899810a-72a8-4703-8600-0a702c3d989a
32659a65-0925-4f50-a0e5-1df67998ed42	c1464fe1-8886-4d1a-be0e-67841d58f277
88296e10-8e92-4386-89c0-56024c5962ad	86c6d497-a6e4-4201-8093-e51c1b6ccbac
f844da49-0f65-49c3-84b7-e23a8708aaa4	db73d399-0e9e-4aaa-8145-8c2c314b3b22
30826aef-0d34-41cf-9454-2b55f88c3cfd	237c88e5-6fc6-480f-a0bd-fdae9d94ce7c
08bf78a6-5fff-4a62-9b6b-13bc43d42528	c65b185f-b25f-4110-802e-c8c979a7fed6
f41fb020-afe5-465d-82e8-85dcdbe884c8	30d3faa1-e884-4c91-88da-2182e48a9e91
54105a0f-cdd5-4a97-aa65-e215c4ae9c7b	290829d3-b93e-49a5-af0c-24fc849b52f8
89e24a1b-4f7b-4ac5-93d7-6fc29fdb0636	969b6f95-e7d9-467f-b07a-7d3cd105eae2
e98009dd-ce7e-4ac2-8e3b-4732f3495ff7	bb90d160-39ca-4b6b-91da-940d4f11ff4f
3ed13648-1708-40e5-8111-ff6e37d619ca	8181220e-c22d-4c43-a09d-3dcf67451974
ad92cf12-461b-47b5-9042-a982c573788d	14212814-ad4b-4051-9d43-0f7ed56c585c
6855dce4-0385-42c2-af68-c3ddbb695923	75f8f786-f65c-4347-b9a3-187171111e5c
f6c8b3d3-1897-4c5b-afe8-49dd85663f11	218791a9-76f6-4d02-a55f-bd6427c21dd9
731ac7cf-a1ef-47ba-9661-3943e0b708c6	71fe32ee-d305-4b0d-a02d-a7a1d5bdf56f
5822dccc-581a-4ea1-bcc8-2fba9db190f8	e76bf88a-0be7-4ff5-b089-42ab51230d15
00d89366-2713-4008-be71-cdb1098704c1	9b87cb0f-5b9e-4357-b5a8-229c98ed24ff
f1df50a5-ba62-4c9f-8d8f-78d5f708ffa1	82f35a69-1602-47c9-888d-2f4885321477
72835d02-67a1-426d-adfa-a66ab922f0eb	8604ee25-4c45-400a-8aaf-e680a294f483
f8340408-aa9a-427d-b92d-23302127454c	422b405f-8edb-417a-856c-04680181d3a9
942425c6-8100-46e2-a030-0c005db8154e	522c08e6-1f72-4e41-9a4b-67f276da0742
ba04780f-6757-4ce8-b8f0-ca04550d24c8	b9d421b6-98e5-44c9-85ca-2d0630e4e541
cb941f59-e13a-4270-837f-4207a6d44d56	0d9dc95a-5faa-41a4-a7f4-3f418935209b
6ceea585-62b1-43db-bd84-352fb4a01eaf	914e1dcc-6b77-4e03-8441-7a38f3a5f4f9
6be95b6a-b267-4eb7-a852-068afe731aed	caf9eac8-f564-4643-9fc9-091f95cec940
1ded8779-20ca-4eda-a92f-65d279abf226	4b667133-ca4a-4b74-b623-edd0d195accc
48060bcc-344c-4bcf-b4c4-b5d4f918c080	5e3ad916-44e8-4ca5-90aa-97c6c06245d4
84406eeb-f21e-4d99-a3e0-5d732b87318d	e7ab1ec9-5f74-4682-8b16-00a96623318a
bf31e0b0-e48b-4083-a8ca-8518d2b821ba	de3292d7-861d-4ca9-83f8-c862467e8c89
d06c4cf4-e305-4f9c-9b26-fa6b1faf93b9	8946b59e-0c66-4996-be31-dc452657c44b
2d9927ad-da8e-4b45-a879-149ea48198df	ace63b3f-1c6e-43bb-8529-b5bdf90f2a59
b1abb0ee-0a65-4250-8466-dd54e94f69f7	4618e14c-6a37-43ac-91e4-276f042edce6
ae6ce9f0-72f0-4628-950a-3642bdf06656	ddce71f1-5c54-4e2c-9c70-6d198f0a4da7
da4061ba-f7be-49c5-8a73-5747af0db861	001c8bbf-8113-48ed-94b2-4374f642b90a
0b1e393a-1b7c-48d9-a678-582774b8af76	b035ee7c-7265-44a7-90fe-611bc5dafea1
dc0e699d-0d85-44f4-bf6d-c20c3cfa3f77	08a8791c-cf55-4f9d-b736-ca3fe30a51c1
2b5a8043-ad0b-4e4b-b952-d3ba948fbe7b	14df65b2-f910-43ae-acf2-f7b4f8a4b0fb
26e489ae-41d7-4378-906b-0bfbe8c62ecb	8a699d7b-04cd-472a-a37e-612dba47945b
6f3ed516-c3ba-48c8-95c9-e3046880cfd0	a4a94e6c-eb1b-4027-ad13-eb02a874c6cd
c754cb5c-7403-429e-98e3-10c4c4ae3702	fc0b5d6e-8700-41f8-a703-f56816644dd1
25160acc-9452-48fe-8ebf-d9327a6fdfe2	f845fca7-4890-4dfb-af0b-4e64dd9f2909
fdbf7180-4dd6-43d7-806a-6419543ae7a9	9ed6a019-a7af-4567-ac97-2e5ff70b1d30
caaf3540-6a9f-4412-b7d4-f0d3a93a8a5b	adcdd081-337c-446a-abcb-f4f83906bf65
17cf09cf-72aa-40a0-995a-a4e217d78480	1d73207c-ee7d-440e-9d00-e5636bcefd77
3bf58431-8975-4f62-87b1-3fb3c6b276f9	f0dab0f1-4891-4ca3-9933-7d566248e949
f7453a48-dcb0-443f-9ef6-e7c04fddafa7	0864cf29-4264-4329-a6d7-0d9e447642ee
d275c261-a64d-4b4d-b242-450ab52ee7e4	cdb3d75b-572d-4d1f-9328-6fcc7dafe945
303bd52f-8fd6-4e1b-bfce-9e112c47cc24	593562e0-b25b-4408-b607-05206b2aad71
ca3ed79a-92ac-495a-be0b-ed82bd6807eb	9bf03f2d-acc2-4ac3-b369-6cdd322f8919
a05ed20f-77e9-49bb-9ee8-a234f2d9b4cb	75912f04-8243-4adf-aa3f-5ef369ddf41b
0c3c1b89-9d60-4c47-820d-f85b14fa2f9f	ced8b6bc-2a8f-4716-958e-dc681215800a
d31d6ec0-f029-40db-8619-3709c954aefa	790defeb-752e-438b-b289-4f15c9ee8191
4cc065ca-b80c-40b3-86f6-68f0a344fda0	0497d39c-2b20-4020-bf98-5c9d768bf060
d5cbf9a5-5321-4435-bd53-627bbc2e74a4	dbfea4d9-ef95-4d04-8508-50a5b3a570c4
e6ef8d4a-00dc-435a-b283-e033a1be19d6	c1ad1bc0-07e3-4566-a575-14936d536e80
67ee97f7-faba-495a-a322-48afc4df44b0	35682ca9-6bd8-476c-9e3d-ffc9a782a43c
7c02d189-b4d6-4701-961e-f234e9ec76fa	fdbf4ad0-7581-4f26-afd6-fa56d03470b8
a950a151-f9ac-4a94-ad50-c3ea6d611440	648c6eb7-cf00-453a-be9a-439196c76b89
2bb55c36-2953-4c70-8820-bb633fd7157b	916343de-3347-4c25-8115-5d257a21b08a
e661828c-9e58-4234-aed1-24e5a55b1825	f1eee79a-c4a2-4da6-a1f5-26e9efbbd379
27dcc20b-2ca9-416f-b7e4-a4329458df15	43619c9a-6c40-4f48-bcac-519294a4d3ac
9e83e108-c027-4f30-8903-3d7d429d51c6	653a7abf-81cc-4c11-9389-f138503c94e6
97f3df75-8412-45f3-b708-e791229379e1	4eb118f3-d722-4e29-ab66-3c7df57c7c3b
e35a4964-cfc3-4658-9203-f5737b52f9a6	79a2749b-b768-403c-a69f-365a72d0a1a3
6d8951ed-a6b6-4125-9cf2-9160058cc6fd	e916daed-d399-417a-99ea-b5eab2463a05
3c5ae3f7-88a3-4f30-b738-352e566b8dbf	17a9a00b-0762-4944-9abd-a5780af94b2f
c829d285-5ea1-4ccd-bcda-dddebc837296	8c1ab1de-3a08-4640-b72d-97c72e1c08b7
71838fc9-92bd-4932-9d32-a7d37d220585	0066967d-1f28-4248-8914-4c018e3fd4ec
cddaa147-9ac1-4611-9c3d-15b0d73d44ed	94867a72-048c-47f0-b6eb-630b061d7e57
42b586d1-37b5-4f14-889e-f4515ff4ab64	88c73f16-fe7d-4004-ade4-86fb5107bce0
cc298d8a-8339-487f-8a97-3fd3f0388eaa	653b2be0-4afa-47b8-9e87-0b74fdaa43a3
6f7fd1fc-313a-488c-9bdc-715c26dec04f	46db71c7-5dc8-4768-899c-c75d81b894f1
67914966-630d-4919-bbed-358e53274b61	2137f7cb-fada-41e4-8cac-e97ec4359669
8909b904-cfd3-4a33-8c75-b4c33ca055b5	606c9c9f-5657-4d83-ab6d-094593cec7b3
2e4b408e-da29-4816-a2e5-301fbe171340	be3b4fd2-3a2c-4e96-80e0-f4076e7a0a9e
da572373-96c1-47a9-b92b-43142c43bb85	e82827d3-cde4-479c-9010-98a3f472b706
3ff18754-1096-4dea-a6ee-6930edc7008d	1066413f-21f8-4791-8180-1e92467214ab
4a253b2c-fa18-4be0-b58c-8dfc09376634	f27ea364-9721-4e82-b598-b39394e34bd7
99372d63-2af6-4e69-a0c0-cc30944bcf13	49b2c978-aef6-45a6-99ad-7061902b1445
bf34aee3-6b91-4977-9420-2ddb79b60be5	cbce2a2e-4ebf-4d96-97da-52c2e1a4cdae
883e9ab0-1d6f-4782-865b-98d208a50990	1fe9972b-957f-4d50-9d51-a170128e4901
55332733-3927-45ad-9019-30e7612df83c	9cf1b360-70c0-4e75-a1ac-d098ef32c3c9
d098459c-d5ab-4319-a429-667bfeaf393b	9dd853fa-f1fc-4ff5-81eb-2552c05347c5
a6932301-bf0c-45bb-bf3f-dad7254879c6	33ab32e7-6848-46f7-8060-bcf70bdec24c
80562c27-0af9-422e-8c7c-41d62ec1e5cf	683761d8-fa6a-4986-a583-46d5862b60a0
c66fb475-1c87-4a02-a05b-8da86068e42e	55b599dd-0528-4f64-aef7-1420c477cbf1
3c0009bd-3a87-42a7-a8de-450035d0c5b6	f6109a11-105b-4695-99fe-36c0700c4254
a85490fa-5c1d-4eaa-a30f-ff9cdfb1e66e	8e86585c-152e-45a7-b87c-dcfbdea48b18
08f5fe35-7c3c-4a3a-a76b-7c61d3378d14	6e5e7c05-51ea-4002-983e-e487cebe97a4
c3210fae-553a-4c60-9f39-d7cbb5eb07fd	684554c0-d440-4476-8859-09b365b932d5
6dbc2f02-25f6-4500-9919-3ed378933433	0105628b-3220-4f60-b85d-65f07708a8f1
74edb5da-fa1f-407e-8ce4-7fc25c23b963	86710e42-8cf0-4c10-b9a9-c85018dc4c46
1ceec3e8-ccf7-42ae-9c86-c60e9c54019b	4e68d043-ba19-49ee-a434-b743febfcf99
ed890fca-b5cb-4f60-9576-f6e454c774d2	7a305a3c-33f9-414b-8cf5-99c21ee181e5
81c3bbf6-93bc-41da-84a3-9a3ddb8e9e50	623154a4-64e1-4345-bc35-baea80d40f70
19d62785-bcf0-45df-82c2-28f826a18ba7	6a0ac2f7-e4bf-45f8-8d73-cd6ab0454f78
90f2382a-15ed-4d5b-a32f-ab15f064f07a	6e215964-c7b3-4f9f-be85-4e59d8ac8522
2d4bc908-2776-42aa-8abe-77e09c8d42e6	1ae715de-b22e-4c2b-9204-ac21c5aabac1
d2e5d117-5775-4463-9044-dd86ee9f8f5e	e4bfcf91-ece7-4ffd-a5cc-a4309895fff6
6555ecd4-96e2-4d8d-a602-a9e1d93d1227	76b0cfdb-5ce3-4f4c-9eca-6e5217c141f7
a98953fd-c0a8-45bf-816a-492e4f5328a5	d0c326fa-6415-4177-990a-e67b73821cc6
85f3ae2b-15b1-42be-9996-67b0df4f3f4e	7c13ab51-0180-4c0b-af50-c58a4d1ab584
11463e4e-993a-4ec1-a4df-1ea7b66a0555	dcb004a3-8b52-4c59-ae33-d12e01fafb8b
e11aa554-6d63-4e50-99bd-b06b935ff888	6c651b79-b26c-40ee-aa51-d7250c53f30c
a674ae78-6d1a-4fa1-82fe-63880aa4b83b	b613f33c-f43c-46c7-8dde-fb33518960a4
0d036c96-ae4b-4f5c-8fd2-e6c8414026b9	257eec81-55b7-4ed6-a0ac-2ed7ca8c8688
91d6eb6e-ce98-4638-a8f3-d374bf3df130	e354f432-9a2f-4a99-a694-914f26521bcb
fe25ee35-fa94-4df2-b245-62e19aad3c1f	70f966ad-73cb-40e8-9a8d-28e2fd66c335
c66d2f66-a2b4-4963-8398-2010d7349e7b	b1be90a6-4445-473c-ba59-531d97965444
0ccff1b1-9b43-4726-8b6b-60421db86bd4	34d643f7-7ab3-4379-bcaf-823e1901cc51
049a446d-d6d5-482d-9e10-61fc19792077	1044dd44-728d-454f-88c1-dc7562ce5234
9369a234-d9e7-44cf-a65f-95e4588053bd	ab2484ee-81a4-4230-9779-39042173f64a
2bf5aa84-b9d6-4e10-bf84-1f6942abc9b1	cc9f4aec-0afa-4b75-a3d0-040bd7f0dc49
addba221-d596-4e0f-9a16-6f79d02ba50e	c0fe5381-5eb4-42f5-b0bc-5b0a812555dd
c28e849d-708e-40f2-bdde-d265e8701a52	e72e3919-5aaa-4fd5-b2d2-c54db4333f0f
de3782e0-830a-43e7-ba49-607d11177c13	93eb0733-c280-48dc-a804-92d97418706f
98890dcf-5ffc-469b-8a4c-53ed2aa8b9a4	2d6f6a81-2bad-4a67-8402-4cf801897b83
5d323ab8-499a-4171-9d75-c434209973ed	5a87f0e5-9867-4907-a018-d62f16315b67
9ed62bb8-98c2-45d1-8171-88e5782b0e80	3388b52f-f374-40f7-be78-351d2cb44cd3
1a5d7050-5118-475e-a4ca-5836c3564158	b6fd6e87-5bc0-4df5-b688-3fb69213c177
f86ff9fa-df74-4ca9-8107-9759f7a059a1	b86f2c16-695d-48e0-9043-964bcd1a3f0b
0d63b016-f13c-417e-ad67-6d8c952d2f67	64f6d7b6-a911-48d5-bb81-c6a0c357d874
646fdab6-8869-4b5b-b687-daa3f638ae05	37aca057-1788-4525-9506-d631d42f96df
52056b79-0fb8-4bd7-89f9-dba5f1bcf9cb	e2026082-dcc6-412b-8c9d-345a17bc8a5f
15da8dec-0f41-4df5-b2e9-9acf2c025ad0	1f847203-97b3-4a0c-883d-8043a4ae5773
2a2be7b6-8c52-4078-8be1-8165bf28a9d1	cafe2071-27ce-40ed-bbe9-a10956c36eb9
ee8cd7db-824d-4db7-9dde-9032d7fb03c2	3e3b2ceb-4e9b-449d-b8f2-67e1ed16e488
d5818a6d-eaf5-4d55-9dd2-95367e612d7e	fade871d-04e4-400f-97f0-8951336ad4cb
dc202929-2d4b-44e2-b0dd-1332b37fb153	0aa66738-1ff8-45d4-aed8-20e634cfc4e9
dd995916-7093-4507-82fe-15b440c09be1	7f397868-01dc-44b5-984d-300cd91ec58a
c1f11770-1469-4152-9cb7-1e5dea2e5747	93de53b2-5551-4fd0-93ec-1c5df552bc9b
57342cd9-65f8-4db4-a584-aa16c5ce46a7	53fa05e2-90ac-40df-9328-6d1b7343fdd0
c70a8d08-2d3e-4b07-8ce0-67ca487c53ab	de99f93b-fd2c-44d6-99b0-e885d169f592
e90513c1-8311-48d9-9232-32143de881f7	36be05a2-2be3-4c1b-ae6f-b664687e1fed
62bf3088-44ee-48e5-8cab-962b1bc28697	38106014-47ec-40ca-b543-3c4afd384ba6
fa7cf863-87ab-4e91-909c-27c6cb4063e0	0643491d-5ce0-4645-a385-182c9ac3dad5
7547abf8-4164-49a9-a223-e512112360a9	a54721f1-ad80-43ec-baf5-4d2cd59d376c
e38c872e-5a3c-485b-a2b1-6518535621fe	163df6ea-2a13-43d8-b257-f3de991cbaf6
2550300f-cc93-49d8-8179-735c7a2afa33	5fe02d37-dfca-451b-bc19-bfdf0b2e5b85
3d1f7e70-14d9-4e49-80b0-832e6d770360	349578ff-c663-4dfb-b0d3-01579d805bf7
6e396ece-cc31-43e7-b3ec-33984776b449	8e112ba7-9bbf-4e8a-9aaf-aac9b6349c7c
5c7ca0b1-0e92-4987-9b5d-e2ecbf662676	f927e173-867e-4783-b468-4a8cb296e180
498923ac-31be-4524-941b-ef2bd00de4d5	f0ffc2d3-c5a5-47d9-bf85-fef713e53b99
0c4a12d5-3af2-4148-9c57-a20492d39870	ffe4c79c-772e-40e4-b8f5-e084d15cff1e
cde36eb5-f525-47fa-8fe4-3e765cf69e85	dd56a884-f91d-4ad8-986e-817ad1db645a
c81412b5-e8fb-4541-ab46-571afa1325ab	76fb0ad1-d66f-4af7-9322-ca4739fa71f5
1e9dfc07-608e-43f2-9000-49d1e630b65a	11ca3abc-2179-4cfb-bcf9-843e3ea6ccfe
cb9bb8cc-2014-4c92-b5e4-947b953ecb4e	b3fa7f0a-26cf-43e2-a908-123b4229083e
fef16e86-0103-4ffa-bb65-077e05413dd6	6a0623c8-5546-4909-848f-47a13f28fe02
03160558-37c4-4d95-b7f8-26ff30c9a28e	681553ce-beb6-4429-8d2b-dffa2b3af268
3d62baf0-9551-4fb8-84c6-42ef9b16fdba	3434fdb3-63ea-446b-81f1-fc97c9fdd3c1
da397840-09d0-4ee6-8331-be2f06f2cf4b	b58bea99-ff2f-4889-83d9-ddacef1a7fc0
d2a8462c-21f3-4bb2-8a92-a9aaf04c2afe	49cc3242-60c9-44af-a871-35b52c212445
a5e7a9de-dbb2-427a-b053-29e1d0ad7a0a	0fad9974-85dc-4489-bdbe-b1f65dfbeba3
7230a3d4-e31e-41e3-b08c-292dc0a78b8f	d3ea4aad-5adf-4091-9bcd-e49d800ef453
cd736df4-3936-4c80-8d44-c807fa605cfb	e7ef6032-2430-4656-ab3f-e0f949cd74d2
b453f8e1-fb56-45b4-ae02-f194deaa8f45	1f7a302a-8c23-4f92-abaa-7bca8843dba2
f2a2ef9d-55a2-44d6-92a0-ee0b81695469	e7846dfa-7f2a-4bfe-883f-26500ef0a636
e789683e-f462-4c55-81bf-3dd92b263f3a	9e73c78c-be45-4cb0-81a3-afe6322a1e63
c9ba8793-b1b6-4e0d-9038-75a55dfd3f74	5124fb33-8117-4545-9c88-b278c63c42ae
cc009e70-38b0-4ed6-97bc-f339182b5087	0978b55e-ef01-4e15-bbc2-78c5a646459b
6638beb8-dd7c-434a-aea5-a77cac715614	845f25c1-72b3-4b1a-9adb-f45571b41e2c
fc1f0567-22a2-47e6-b343-3745155e006c	ecc1e026-ff30-46c9-8ff8-204b9bee60ec
88393d9e-f3a5-4f79-9300-5ab818403956	926827fc-5111-4ef0-a908-916bfbea5798
9a60a56d-c45f-47d5-a7bd-6a7b2947487b	b1784ab2-6117-4db5-a002-5cf15ef48ffc
5647253d-e7fe-45ad-8e5d-e14bfabfbc36	4a0d59a0-331e-4d6c-8699-e73f3aead2f9
ac62ba51-e4a1-48fc-bc66-d6f3897ae5a2	784bb9c3-6847-4097-9a87-e6f467a60d96
f0755cf9-950a-4538-9f71-f5ca210d2bf8	cb013f55-9b1a-47ea-89f7-ad75f1de12d9
273ed432-73b0-46f1-a954-74013b063037	5da6c1a3-91ea-4376-b5e7-d353631e970a
9e679bb3-c4e4-434d-b2a8-75045de3bd98	68466222-a0d0-4fba-82d4-8266d9e51ba2
07cf0c63-b460-4ec8-a4df-803f8b70e461	0302f33e-9367-4156-832c-2b65db002983
0851db0f-a1bd-4ee5-b9e2-bc45113d4ed6	f489f013-13a5-48f0-83a5-f25415e2e516
88e17cc5-e3b9-4333-b95c-411eaa81baf9	52472cc6-31d0-4eb9-bf6c-3cbe771de71d
2d4fa47d-8286-44a8-86a0-3db6431a781b	44e0e69e-73b5-46fa-86af-72b9f74e273e
8a6b32c1-cb49-4dc2-9adf-c6413917cfb2	4b159396-10de-49fa-8ccc-60caba4d9ccd
d9117fb4-14ff-4c85-8eef-016f4356f309	a1efc7bc-3f48-43cf-92b1-67328e979eb3
7ead7171-f0af-4f8f-98e5-cd7d9876e8c6	58191bc3-487b-4e7b-942d-2b68ed795f01
2ec783ff-5b0f-496a-ae96-f3316861be69	fa047f5b-e4f3-4e70-b78d-b3995057bf8f
2f5c18f5-353b-42dd-9060-f760a87b26c3	9e46113c-758c-47db-a539-bfdc9351931c
1c79ab8f-e239-4b00-a1a3-3cdda778d350	d8da7009-334f-4c17-8659-d7406d75ca1b
810fd24f-11be-48cb-b315-6e489e5c0910	24375707-78bb-4133-a3d0-42d91d52724a
102189be-1eb7-4837-9aad-5a72f0387b1a	3f7c899f-8a2d-4d4a-bc3c-53d6483ebac2
95c4c11b-76b6-481e-b4f0-8b09ced2a8d3	b9325a35-f07b-477e-bcde-9f0d014e642b
0fa909cc-e61b-4455-b2d4-89459f56bd47	74f556bc-441c-45b3-b8c3-6304c269e75c
58d7d593-91c8-496e-86fc-c722a4c51142	20759d73-7b9f-410c-8b67-c92553033e62
e2b704e0-84f1-4808-9d68-10d48e7ac2c4	3224aea1-5c91-487f-968c-bd1dd1578342
71c71e39-9f20-4bb6-9508-12856085b2a9	819ae711-e8d9-49f5-89a9-b786f2e843cd
56f8d3d4-1d08-4146-965e-0e9e6bcf75a1	9807e20b-c841-4d0e-8f5b-92bfa5cfec35
a807decc-cdb1-4da8-87e9-34a04cb1cdf9	8d486970-9d69-43f0-918e-b7d09f1e4b62
8bb0ece6-f732-47c0-82e3-be5bec52d03e	5e9f307c-da2c-421a-a2db-efd13181f5ca
01f6812c-0bec-43d4-bdfe-9089770186fb	a16e16f1-e56c-4cde-9b82-3e31066a88f5
f74fc5c1-ddca-499b-b238-40c06a0ee7b1	2d19771d-4fc7-4540-98b4-65ffb3580a46
397aa976-51d6-4ffc-b396-a3e35da8eb2d	c91bc045-fa16-4d23-8246-c5bad4e2e623
ef8da215-6a67-423a-ae7e-00af7bb6474c	0d4be23f-7a85-49ad-a340-4dc55756b964
a35a6d8a-a2a2-42d2-a59b-d0352174b845	1e1e905c-b430-4f4a-a564-da0dd9a204bc
96a18d91-c555-40be-b79e-b95c73b0965b	744962f7-cc11-4683-a79b-3715dd0be385
69046080-8b33-4c78-8263-0710c86fde7a	fb6e5816-b7ad-41e0-88f1-5343ccddf98c
2b167a35-3aca-475c-9966-637969304046	5e7036c3-bd90-4871-a268-569ad3d696bc
4592b018-de89-4af0-b6c7-81365daf28e5	77609706-9c99-4a01-8eaf-e34a5693f5c0
e7c8ab9c-591c-4c46-b145-3590223fdb4e	e8251458-323e-42bd-b200-c545fd3bd47b
e5326366-1190-4150-bf7a-303f34d158ee	c2698d93-7082-4f4a-9d10-031264ff7df4
eef9681a-d80e-4fe6-8bb2-1e9c51294359	3c4812ac-f306-49e0-a0c2-24d7f6efe87f
cedb97a3-0210-40d9-8d69-59b6b0d09790	567e4945-eda0-42a7-a425-6e289c216cce
4db37279-bb9f-437a-ae03-df1e7d61bcc8	bc1c385e-28a0-4071-a6eb-5e4f3392123b
a01b940d-845b-42f4-bfda-a211bd2e64d1	57e38a62-d35b-4b14-85e4-17080de42222
93726f88-5873-40e2-8660-1faecd2670fe	d6b354bf-6af9-41b8-a415-4aabe2eb0671
2db47ed8-3372-435d-83eb-6d0aa156c60f	1b6d340f-df95-4c68-a186-d14c175df567
84283ae4-8e24-441b-b99a-49b8f10bded9	f18e6b4f-561d-4d3b-b2e3-29b19a9b21b6
eda8fe96-3b2e-432b-bed8-be0464778d84	4948a82d-b74a-4fe7-ac6c-c31b6f6f857d
daedd712-9424-44f5-92bc-a45233aa4dc1	198f02fe-e532-492a-bfb3-d0734829a321
144c7895-a2f5-45f2-b7e4-4590ff964d4b	fb0bb327-1642-4aa2-941b-99c22b9f663f
0e891b0f-aa18-4d02-b416-7ec878f5b6c6	1cc40e23-7286-4ebc-9cc7-e42e56742a6d
fdcb2fa0-f2dc-485f-a399-b13a8eea7a06	611bd856-91ce-4660-96bb-928678e332d4
907b4785-e762-4e9a-a67a-e153b7fa456e	c3fa4168-9538-489d-ac67-b6b3d4075e41
e667cf36-8b53-45e0-8ada-3b486e84ebda	494b9364-41fb-4225-aab4-d10519bcf025
a404896d-4df1-42d5-8cb9-3b1d4810cbd0	b76809ac-fb1d-4cdd-a29e-94cba9ef2503
25952475-d72a-469b-8f07-e42d7538cff9	36aec154-6c6e-47c4-966e-168ecee488f2
535a231c-4ade-4dd1-8681-a918470cce52	93b8053c-6008-4fcf-b246-d7983dbd5dbb
0385e3e2-c064-4e1c-859a-3b1fcced002a	091a6a72-e882-40b8-bcb0-166106a2a77b
6275e83b-09f6-417f-bd12-2329cb47d8d2	5414771c-87e1-46a6-9794-4c7fe7decbac
e5b6e784-feb0-4bb7-82d4-ccf881b08d7d	05bdcb81-3eaf-4250-a063-d336f723d08c
2e43c01c-b71f-425d-b300-07e653cd24d8	2d25e8f3-9d4f-477f-88e5-48868f414685
698db379-ed5e-4433-ac3e-e27c796b8277	49ef9827-665d-4474-9840-c9ef01165a04
a7af73f6-1e4e-4232-a0ab-09ca4bda8be1	5469ff28-e0ca-4516-933e-3c760dfd1d9c
02c6b7e4-1955-4708-8bc3-c9b60bb99bd7	5d7f49b4-236b-433f-aeaa-19963dcd658b
04fa9db9-5b60-4a47-a23d-7f0d9225bf9c	46a62d96-83d2-4cf3-9598-f95bd7e10ffe
36f4744f-894f-4733-b88a-bf31f0cb8a5f	e80a33c9-4ee1-459f-ae2f-34b79880285c
6ed55fc9-3643-4a53-b3c5-0795c5ca5a90	357f810c-7281-424a-bf17-e3b76e30efe6
31299ba5-689b-4028-8292-a322f1290cbf	e47f1e57-5d26-4bdc-902e-782bf2dc10ab
9dc24b74-ef23-410f-ab5d-6ad25e2355f6	a13aa9fd-f179-49a3-9296-d2d240a2c58a
fe178af2-a331-4ad3-8b8f-631f75089fd1	87417ddd-c659-4563-afba-4c5ae38532dd
6915a346-e942-4f24-a95d-2a53559246e1	81197476-3668-44f6-98d9-fd94f617eaf8
7f355a9d-67e2-4ae7-87ef-139c154a8baa	a41ebdf2-723b-43c4-827d-fb40a1fe3247
cfda7507-940c-497f-bbfd-01855ec45dec	d470d40e-b95f-4a6b-ae33-634c606fd28a
011d681e-313f-4cb5-b557-9b0287abc08e	46eff2d1-0af2-4b9a-bcf2-043cd0d6579a
1b87e447-64e0-48fe-8b36-56036809ac49	0238eda0-0d63-4507-ac23-aa7c24d68705
abd78051-2c8f-4b07-8da5-d282f7d580c0	516326a2-5384-43e5-8869-2b929c85d1d3
15d5868f-cb5c-4cb5-a44c-ed5825d3b0bf	c9397c9f-9bff-4142-965d-c1b824627882
5d32c925-2fd5-42a5-8aa2-e8a21397214f	e6aebd61-d8bc-4b01-ab79-b6c2f14bafee
7751a2d5-d3f3-4f99-96ef-8639b2a094ed	ac832cbb-30bb-4f45-9731-8188b88253d1
a2e43df8-4e58-4d30-b006-1eaf84dcce68	a9627b82-20ea-444d-bb7c-a25a8a73026e
c17a1d48-b59f-40df-8047-5862547f37cc	ef3fba33-94e2-4cd5-b4d7-cffc85b6946f
f3026579-3e2a-4432-bb6e-16946e889633	4a9e9ddc-5262-4485-bc58-d8fd70294c5d
c1be598a-b9e3-4f2b-936f-6b784b9efd3d	8fe6a789-6404-4290-b28c-1f3e17893b80
ccd6087c-d34e-4b08-82dc-92b519a101d2	50cde19d-07ef-4b56-93d4-a062b6eb06c7
9858455c-86c5-47e6-b06b-5d4e2b7e6b13	a97b4098-2e96-46b2-82b9-1ddcd3150396
feb60d48-22fd-4685-8ebe-4e692b261070	136443bd-a210-494f-a69d-3334f3f60ffa
a327c86c-c2ac-4a1e-9f8f-1472f77547f6	e79c4be3-b30b-4c25-9a83-13f9915a8eb0
7b5882ed-370c-4109-be7a-c9a642bf401e	e79defc3-6e63-4a06-a806-296b6e26fe74
3f65369e-4c96-4b6c-8450-ad14e4827183	0665dbef-825f-4a61-a270-b2cdf8db2927
779690b3-bdb6-46d7-bf14-5011e385e161	fdfc258c-a87b-467c-b1ab-c92ef6948000
98de9ed0-91b0-46a5-8655-e1f1636db7ab	9ddf9f3b-a837-4d6a-9a34-133226dcb606
a50bea29-5c1e-4125-97cb-0a658d7e9b42	b09e9f12-6391-4bda-baef-54aefb980aaa
a5a37f74-ce0c-4572-b476-a7f52999f297	07f478c7-930a-45a5-a8d4-7495f8413899
815ea0ee-2215-49e8-898c-1834da8f4d5b	3b46474c-5894-4ecd-bc52-a16897ff095d
7c6c0547-d5d4-4982-b801-14674cdeffb2	f969e320-72f8-4fd4-9f38-3fd91e4a9114
78aebafe-b0dd-49e7-a801-1ff96b52df9f	de985bd0-7354-4195-be38-ad761283de55
2914241e-8037-4227-97c3-81991b9406cd	d7eed10a-5523-4e64-b751-08f90cdda48f
08da8a89-19d4-4e08-a11e-51b460c209d2	8cd7167c-9c19-4643-8585-8104e5d1b4d9
506365a4-20db-42a4-981b-7aef8af26899	0b9728b3-897a-4649-94f5-16b68dc935c0
7ba1b697-8f14-48e0-b070-b477988c1f12	7a4f456a-dc46-4d3b-95cb-aa58a96bbd37
8b13d407-8f52-4c30-8018-3e60daf2c887	3859a6df-4d8a-46d4-8a33-be288e3c61a2
98e8079f-1cf7-4346-8830-758d0edca15d	96daf197-8a21-43ed-9baf-c598ee375dea
0ecbcd9f-72e3-44d6-8165-33725f4e7380	d0fb358c-a679-434a-b085-aff934aa7ba4
393adb40-2f22-4120-a94a-8594dbd26320	6c5d3304-1254-42e8-a864-ae7ac2cb0cf6
bea6a644-5979-4623-a848-8f6f577f3191	986a688b-936d-492a-8aab-4273f2174133
c979bc3a-ecf7-4df2-a140-93d051cc82fd	41f243e8-af72-443b-bedc-33f8d24c5ced
96023af6-7379-4849-9846-78e384fc09cf	a0abbe11-961f-45d6-9826-a1b3cd9671d6
9f4de624-9130-4ba2-9868-27891206b370	f3a3f18e-ca81-499b-a2e4-f6984015911d
f13a0a4c-bd52-4e82-a972-36317d48472e	41474beb-f880-4a00-bc74-46b2ce0487be
a9173bd2-1a94-4bf0-a28a-fef3b3cb1bea	3545381a-4740-4852-af0b-5c12cfe70e5d
08d1b748-337d-4b2f-b7ea-60b1ebe01da7	7b5610f4-0b22-4c71-8ee1-01805a6a76c8
edc31faa-5d4d-4ada-bf39-c220cd93bac5	9a96a554-c000-40c4-9bfc-a2d349448007
769351c7-fc4f-4921-82d2-8b9c8a236d85	6b319b3f-fe98-46b1-83b9-5856cba9c27b
f19da990-33e4-46b7-b410-7b2a8d1c18cd	64bdf5ab-43e8-436b-8a20-a1ab902e9de9
caa171ea-ba1b-4fe9-b542-1a1612fbe74a	0362406c-ef5c-4cc5-9792-af97697ca440
dac64326-549f-4060-87ba-deb590f4d9e1	9744628c-3039-40af-8b5b-49543dfd73b7
58a01f3f-96b8-4372-a2bb-f55cb9eab3bc	9ea075a5-fc32-4cbc-b8d2-bc276c7eda57
635bbdcc-881a-4be8-9ffd-e7e7605cd1c7	e939d00b-22ea-4605-a0f5-df68ee61802d
24ac9185-7692-4cfd-9ccf-dbcc9bc10f1d	3c29073e-3c1c-4c7e-8ae5-c782685ba8e1
a354a34a-5600-4bcd-bc5d-24a4ef4aecec	d6921ce0-18c0-4325-85dd-255c75f356bd
f5655488-1e32-4502-85fd-62d04702779e	d456b6f2-cb2f-4c93-8875-47c8d2dc5b5d
8b6e5700-e53d-46cc-92c9-6969d28ed1fd	737c0e9d-f49f-4129-b93b-61f0b3af632d
