f1e5be9c-194b-4892-a139-c156b0ed5aa5	ac315132-0631-445e-9e6c-53dffdd67064
7bfc6572-ff22-4be4-927d-9dc723270fe1	f151df65-2d5a-44ab-9f55-1346e2124427
7101ae2e-31e2-48b3-9051-8b56fa36ad81	a7421e5d-9db1-462e-b4d2-c3a9255883bf
b4ecb556-60cd-4b89-8c85-26fed130d854	544fa309-8fcb-46f8-ac74-2a426b643111
f68b36d7-20e1-41d7-b8a0-fb015efd81b8	b5c8e574-43c5-4b0c-a2c2-768391ae6d97
2060bd94-3668-49d9-9da3-dca7626a8bf4	64110142-baa7-4206-9df4-e35656456c8a
0e519d5a-7103-4393-92d7-7b47e23aaf3f	9c48ad9d-3975-4e28-8d26-5ed50fe0240a
6cdf1771-8e53-494c-a437-944184356e58	08fb6c4f-0efa-4460-a804-b1ed1c7ea1c4
ecc5391b-88fc-4df8-9d78-f0b7b0b46482	ea7e101e-98b3-46cb-9b07-24e196d137cd
8d09a888-6491-4c3e-801e-cee93378a45e	5f1aa141-364e-4d7e-b7ae-f5b7488796f9
8177bcb8-acb9-4056-84a3-789dba61d7a2	b3e875e7-b103-4528-811e-c8a623f83174
deb4ed75-53e3-458c-a851-f6acbda48f28	7b14a0ef-e2dc-48b9-880f-586bc14b1868
69010c91-4e56-4d63-9066-b8dbc83682a5	26bfd8ee-fc04-4a52-a02c-f809c4eb4212
b4e879f4-ef0e-44cb-8318-da86e8309a4d	4cff51ec-c312-49b5-886b-6c83b5fb32d2
11c7d6b7-134f-4951-bf68-42020b1ff770	0a9b695d-65c2-436b-bb14-56e08b6ada0f
151ace53-9e7f-4f54-890b-9b352028afb7	93fadc6c-d51d-4fc7-b82c-b7f06bb62992
d558066a-3562-454d-b2eb-7b6ad2a931e1	948a4a70-eb80-482a-b6c1-8d8cef32d738
d0c326fa-6415-4177-990a-e67b73821cc6	61b92564-018c-403c-b2da-97cb32ce8469
e4bfcf91-ece7-4ffd-a5cc-a4309895fff6	9839d6fc-901a-42ad-8b86-d4bc9d92ec4a
49e79c6b-c5d7-4390-8b5a-316c114c38b8	04218fb9-121a-4ff6-bc33-8f00c9796e63
522c08e6-1f72-4e41-9a4b-67f276da0742	2002fb8f-c948-4b6c-ab47-20a0c2504758
a8516aed-0f4f-4084-a8d4-d1aacb60548e	80e79325-baab-41c9-97b7-ac21b3bc3674
257eec81-55b7-4ed6-a0ac-2ed7ca8c8688	673fa91c-f0b5-42d8-ae3b-c668af5e3e93
34d643f7-7ab3-4379-bcaf-823e1901cc51	96d2fbef-6eca-4f0f-82ed-0f5669d46fb9
66e04a59-9100-4c0b-8987-b119e16399fc	d33259bb-a299-458a-b306-66cbf26b47e6
94e6d7bf-8186-41d9-a302-efcef4087d5b	1be10950-1d9b-4582-ade1-6d4e2ebab812
e76bf88a-0be7-4ff5-b089-42ab51230d15	10694ac6-12fd-4aed-82db-9d0ee3b8a082
8a64c4ae-8ea3-47b2-9027-6f7015c41d69	a4c3fc84-55a7-44fd-a559-42b83511f5e4
2af940fb-207c-4036-b9fb-39a5ffb8083d	119c9bb1-6260-485f-bfb5-b9470ddf03bd
03ba2e26-f287-4aa6-995b-4ba98704d991	1eec993e-120e-4301-a637-0a048b879e4d
d29e728b-af9d-43d8-8a7b-3d284007e9bc	fa95894f-dda0-4009-a238-ec03dfd1a95d
56aca534-3dcb-42a5-b1b6-031b0fdeaf3b	8864168a-bb01-4498-a9ae-956a28e43ff3
8604ee25-4c45-400a-8aaf-e680a294f483	6576b393-b96e-48b4-9560-6dceda299a05
ba20e547-42a8-4090-9975-ec11c91d1a9a	c6fe7bf1-7016-45d7-abe2-1c0d92b02dd5
02379b7a-780e-48f7-99f9-70007bc07f7b	15e920b9-a9bd-4296-b546-fb8ff522a8c2
547c17ac-9e19-4810-bd87-b916f87ad555	c004e13e-c4aa-49b1-892c-802c3b2138e1
7fea2a78-4f81-4c94-85d7-4a3667d2cae2	99f2018c-0441-4ced-bf5e-6b0f7b9e915a
1e95c796-d521-4cdd-b79f-f634308e5f66	517f3ab4-7b6f-4fa9-ac83-c9c09e6cb9ad
e2026082-dcc6-412b-8c9d-345a17bc8a5f	04d852b4-a6f6-4811-a13f-dd9fdf056ed6
6886b36a-c682-40f7-ba6a-8b71ac88ab1d	0f2bf793-9b54-4b84-b68e-4b8eea9ddb0a
3b5fc50e-1ee0-4fb9-91c1-c6a1e19579f9	0c62a12a-a80f-4a86-aebd-08badd877d05
170515fe-2835-4877-8fc3-fdac4b636378	7b88e570-a45a-4ed8-9c44-3a40d2122cd5
fdfa0cea-fd06-467e-b4e5-398004d42b38	f330e7eb-3ef8-4016-b72d-2188b5e761d4
5f5a2a97-325e-4308-8938-a77daef49364	4cc3e7d9-6db6-4f08-b756-337b1d20f56d
fd376691-c246-40a4-b3ff-f27e0410fa9f	17d83535-6c49-4bac-989b-8c9682014997
9b87cb0f-5b9e-4357-b5a8-229c98ed24ff	676d54a7-4bd1-4505-b8a2-e07b4adb46ff
a4244534-3bc0-4d51-9b4c-edf14f82a409	d775eb0f-6249-4693-91f3-5b1eae0ef4c2
f5c9820a-5d83-4d92-8514-27be46232b25	f35ef9bd-ee3f-41f8-8995-65bdea9a7aa2
83da3675-a070-4864-b39b-1ced40c538bb	592590ce-3611-4861-8190-a8632829948c
ee99f002-5ed2-4927-aaf8-4cd22b33d7cc	f9f7d273-1f61-4992-ab62-c18d9136848e
445c1193-8a3d-4304-86bc-e1bf49772477	3d78a270-0fc1-4e5a-b5fb-e602cd1f52e0
93eb0733-c280-48dc-a804-92d97418706f	66beb1fe-593e-4113-9725-be66979bd366
66f5a24c-89e9-4290-a4be-5cfcd90c5424	0075401f-7a4b-402d-8616-950340da1624
d4c0aa92-f3c3-4cb0-a8a1-70c28c56e32e	1a7ee105-b551-4f62-9eb6-cfbb115e76dc
4bbcebbb-86b0-4c28-b982-fb2090e4023b	db92572e-99c8-4a99-a0c8-58dcaa2b0a9f
0bb650a5-f9cc-406a-bcaf-3807cf94981c	18b1dd36-1189-4fd0-bc42-941cd4b3e557
82f35a69-1602-47c9-888d-2f4885321477	eeb56e5d-171a-4516-9ce8-2804320ab0df
e6ec4071-7f7f-479b-8d38-4749f7ec88f5	62fd3904-1112-4cd2-b637-37975a7e00d2
e7a9de1d-4db8-4475-9e96-93ccc43f5a17	a8c4413a-9e4c-4926-af99-146c13408cc9
faa1be05-4c59-44b1-ac43-ea34666835a1	52a7cef8-99eb-4263-8e97-2f0b51993398
b922501f-e69e-4484-8ba1-c5e109e4b8f2	89d9091a-855c-42e2-977e-dc59f2b57313
893432f7-2fc2-49c9-b75b-c730d2ea3a42	618c8305-216a-451f-91cc-3bc1c59de14c
514224b7-f74c-4f57-8a28-6facc3962e63	a55e51b1-9118-443d-bbdc-0923bc1d006a
61f34128-eb95-49c0-9025-ba5b85c82a97	b4fa04f9-0e2d-4cbe-a093-6c741fad90ad
0d1997a6-3577-4ee2-9f05-298ce832eee8	3f9905bb-2953-443f-8a99-aad5042c2c3f
14df65b2-f910-43ae-acf2-f7b4f8a4b0fb	1af3d85a-d1bf-4288-9729-6f747605e14f
216e1df3-eb3d-48e9-a9b4-2eb9bbf69c6c	56c9269e-09fa-464c-8397-9a539935dfe0
684554c0-d440-4476-8859-09b365b932d5	9a575e8a-5424-433c-96e5-e38de444dc0d
891ec618-258a-4a51-889e-6f1bdd638ccd	851e3b26-f651-4c6c-9fd0-8a51967a0126
db98bbda-a0eb-46d6-9595-ccf462730823	23623555-6feb-437e-8e15-7462363a580f
3e8dbb0d-f0cc-43d9-819d-12fa395fe0cc	ac8d6bb1-dd9f-4595-a537-6c7101a9c3ee
916343de-3347-4c25-8115-5d257a21b08a	19c34595-c2eb-4858-84b1-ccd5ac57e9f0
9dd853fa-f1fc-4ff5-81eb-2552c05347c5	3aa7a37e-bbd8-4e3e-9598-149d645c59d0
ef8ca312-1850-4b83-a011-8d340be88d55	053cd321-78b7-4ded-ae6a-9fa09c2740c0
fb2eb728-bcfd-4951-95f1-c316df4fdbff	ff4c0b20-8c16-4bd7-8777-961ee928ed47
b1be90a6-4445-473c-ba59-531d97965444	0616ef23-e87a-4870-ac67-aca1fd09687d
ace63b3f-1c6e-43bb-8529-b5bdf90f2a59	9b45fff9-9020-4945-84be-bd2d9adff59e
648c6eb7-cf00-453a-be9a-439196c76b89	2a05769a-6784-4f46-a2b7-24a09e4caff6
aaf10cf3-f88b-43ee-831b-7fb42ed5bc08	7b55907d-37e2-447a-8143-328539ba0ddc
e899810a-72a8-4703-8600-0a702c3d989a	85738093-7e32-4906-80b8-15352a649369
a2fc3a9d-7492-4c61-90eb-40e545cd62aa	ba2f3566-5e70-4f2f-9092-c9eba7874dc1
7d8d3c4f-6772-44ef-8383-5f6fca00f6e2	340034e6-38ed-4fa2-8baa-c7c10439ea8d
c5d6437d-43a7-46fd-b087-c248a32a5644	dc6851cf-34c6-4a96-bd19-dff4a85e69d9
f7387148-c123-48ca-b319-1d18252180d6	d241caaf-ed3b-4104-b29a-4168cd92f2a7
6b651651-7865-4bff-b51a-7d19abe5475c	6b55df50-2683-4035-b3bb-1e8172c7aae1
fb9964e6-5baf-440d-acf6-1ef2e1e59daf	effdba32-2b47-4a36-9fc2-b5e3733bc8cf
4beaf6f3-21ed-44d1-82ab-42453523e596	545c8ec4-e47d-42c4-989c-98ab3c40c2f3
5c68029a-56ea-4db7-b739-fe023c8cf21a	a2fe2303-7887-48ac-847b-b106b8c1f899
623154a4-64e1-4345-bc35-baea80d40f70	fcde9567-24c8-4ca1-88eb-c1535c36af2a
d99243e7-27a3-4c9e-add2-d8a71dc92483	77c85e0d-a7e3-481f-bf8c-1522bc1c717c
ca689218-a2b5-4737-99fb-8f3f82f29771	fadbe1cc-02d4-4873-861d-ed43a1b2852d
cc9f4aec-0afa-4b75-a3d0-040bd7f0dc49	699999a2-46c2-404e-b897-31fab1ab04e1
8a074589-3c46-409e-aad6-0cb7e07afe48	4c570d07-6b05-4703-919e-80c8e440ec93
27d796e2-5b2b-493f-a41e-dc7d4353f9f1	c07d09b8-585c-4888-84ca-2b111c854025
a012a064-1526-4f36-96ff-9090b70dc701	71575f15-a670-4533-afd0-66093437f232
0497d39c-2b20-4020-bf98-5c9d768bf060	c40ff159-a7e9-467f-b92c-40ce75335add
b9d421b6-98e5-44c9-85ca-2d0630e4e541	2c8fbc05-e084-4bc7-a8e0-fe499ab4f07b
a6961285-214b-4c05-ab8f-1abd753c2a56	5ab03751-cf95-4f65-a8f0-15dbf3abd6c3
adcdd081-337c-446a-abcb-f4f83906bf65	2f3ad24d-d051-4f1f-b5c3-411f89a2206d
e916daed-d399-417a-99ea-b5eab2463a05	3e65ac35-54c8-45d3-b35e-e6ab3d043cc4
0471b016-5817-47b8-8856-461e38198774	cd0a79a3-5fb0-4330-b71d-1b2b2c145c65
93de53b2-5551-4fd0-93ec-1c5df552bc9b	cf34f0ef-fea6-4c0e-9b85-6eefbe39aa06
c4e93e64-ad96-48f0-805d-4e6fd2b4ad03	8a596167-bfb8-42d9-ae50-8fcb782efd65
b69d5308-c27e-4575-a5ef-38950d9962a8	871b7ae8-cc87-40b3-b86a-9764bd67d806
2ae83400-207a-4b0b-96a7-1a16b4bbb6f5	abfb68e5-7f84-4d2b-aa51-f40943697d95
6ad93fc9-38f7-424b-91f6-80b760ced879	f6e38fc6-2ad5-44b8-9595-143caccaf213
79a2749b-b768-403c-a69f-365a72d0a1a3	39b7ee49-e5de-49ad-a4ba-e6b911b47b2c
752fe5e4-a49a-41de-8e0b-36315b25f11e	cd344c8e-af8f-4bde-a8fc-0bc6a363b2a5
5c6557e8-0a26-492a-b09a-a3a94ff21771	ec8d8fa6-2834-4821-a095-344579e032f2
53fa05e2-90ac-40df-9328-6d1b7343fdd0	85aab474-6c7b-4346-bcbb-526012394b99
65ae3a90-fdf4-4708-b29b-068571a4723d	1f0ea86f-5107-4de4-9e40-3eb634152ff8
82d7034b-2b8e-4e3d-adff-d3b2258a5566	70435cee-ac84-4a4f-a397-b3081656efdc
35f8b85e-599f-4ae7-bf39-46dea86bb612	713e6375-bfce-4d01-ac91-21f2104dc0ef
790defeb-752e-438b-b289-4f15c9ee8191	aad0bfe2-cc09-4b96-b4e0-97ffee234415
1a7e731f-cca5-488d-a303-fd4acbda0702	12ad15d6-cd16-4da9-bb7d-d81069e86c41
a54721f1-ad80-43ec-baf5-4d2cd59d376c	6bd4299c-0185-4ef5-8b53-9d376a009d50
5fe02d37-dfca-451b-bc19-bfdf0b2e5b85	6addd51d-eea4-4209-a2be-4e1ba2a9a13d
b6f5cdda-22e0-4b5d-8e0c-7f68ebf08866	886fe6bd-86c3-41ea-a224-b9c7cf4dfcd7
de99f93b-fd2c-44d6-99b0-e885d169f592	8d8afa65-375c-47a8-9f73-de7c3eb363d4
303bba86-2932-4974-a9cb-8ae0de99b982	d1e2eb5a-921d-41e2-af62-d1f1eb7f5072
c89263d7-bb95-4071-aa7c-de5252047f30	04dbc0c8-a986-4a15-b8dc-1d7261eb8a67
1d54d6c1-13f6-4d6d-a1cb-1eb42b5159f8	2e1d48d9-8cd2-4309-bfe0-397baff97c2e
156c3480-27e9-4ba5-a591-723438ad1905	89268f41-5dd2-4301-adc9-9b2dda7579e7
94f8e59b-c46e-4c16-a020-a12ca7bceb36	8545a508-834e-455c-aa49-63e09991ac57
fce5571a-15cc-4584-896f-333405158ce9	cf461846-0e61-4c0f-8015-e8b8bb2e53e7
e38b2a5a-5a0b-457b-8ab9-963daf2493d4	15884883-1baa-4553-8105-dce3ec3faacc
1d0830bb-4ec1-4130-b182-d25721c4c5e0	c5069d57-4e95-422f-bad6-6339c5d25a08
ed835c4d-661a-4289-8a08-4cef9f426f09	d8204ed3-b30e-4d30-8f5a-b2e1853e6463
8946b59e-0c66-4996-be31-dc452657c44b	5b937ea0-2217-472c-847a-b7281003a281
2022e584-3fbf-46a8-a18b-6d6f05b13bb1	27bbcf46-7f81-484c-acc7-f53d5d54e17b
f1eee79a-c4a2-4da6-a1f5-26e9efbbd379	1dc17aa4-b724-4d09-8222-08d97c2ac80e
7e519e6e-7401-4bd3-b85c-060a7c9829cb	e8d721c7-7367-4d84-ab6e-4968d84aa4bb
01acc09b-7732-48c4-988f-f723afb434b1	e6d05aaf-4d7a-4938-969c-d5f4e16cb723
653b2be0-4afa-47b8-9e87-0b74fdaa43a3	85c08afa-2a96-4d3e-ab82-7be2b091d681
90ebe79a-0e6d-4298-9c7c-ae7594ab1729	9cc175f5-ceae-4156-8511-0aeefac26986
2d7a8ba8-f0af-4518-af0a-5dddd1238ee9	e6d8523e-3945-4a67-965f-eedb02a713cd
1066413f-21f8-4791-8180-1e92467214ab	3e4e67ea-d9b5-4f26-a470-def6469541e8
914e1dcc-6b77-4e03-8441-7a38f3a5f4f9	ea219eb4-fe2e-4e25-92ed-e238f089e944
52472cc6-31d0-4eb9-bf6c-3cbe771de71d	f9f29e94-971f-4730-91ba-319004a49233
0d9dc95a-5faa-41a4-a7f4-3f418935209b	b06a6c38-0360-4265-84ff-7477b00fd5d2
21898957-eae0-4ef1-9881-183efd00af42	5a436bde-08e2-40f9-ab2d-b8b9e67b3845
b1784ab2-6117-4db5-a002-5cf15ef48ffc	afcf5c8c-8bc2-4521-87fc-31da34887e2a
fade871d-04e4-400f-97f0-8951336ad4cb	19f4c619-a9c4-4488-9892-a736b5e2976e
642e5031-1cc3-4d2e-bc88-2e9a2c688055	ea3e4f0b-d2d6-4661-b1ca-b208c16b9680
18fa920c-0fa7-447d-a140-97d02d7bfe44	8eac42a0-a6df-4f92-b82a-257eb5bca892
290829d3-b93e-49a5-af0c-24fc849b52f8	fdd76bea-5708-4e7c-9dfc-22fdeab45cf8
fdbf4ad0-7581-4f26-afd6-fa56d03470b8	8a3a1c80-b5b2-4bfc-a928-418a741cefc6
25de26c4-9bfd-4068-bd2b-11fd0c12fd56	09a1c704-348c-4acc-a15d-11f459888da1
9e73c78c-be45-4cb0-81a3-afe6322a1e63	289d82fc-a4cd-44ec-8aad-70219a7a4764
d6035823-a2e3-421a-88d2-becc007d6a53	b8cf62a1-87c3-47a2-af1c-22134929855a
66ae9bee-fd17-4d62-8845-5389135bddfc	d701337a-ca0f-42d5-8002-c0294e10eac9
71fe32ee-d305-4b0d-a02d-a7a1d5bdf56f	eda6338e-55a8-479b-a227-fdd1738647f1
d0ad037b-4332-4d4b-8227-0f0f492650ea	662971c4-214f-4bc7-be9a-6ad4eb400e15
ccf284d3-1269-44dd-8624-40a00680fd58	8fc3d8f2-c624-48ea-b4bc-60bd019c5ff4
5e3ad916-44e8-4ca5-90aa-97c6c06245d4	e71246d2-d3c1-41a7-a803-833cd92b738d
2cb6a60b-5fa1-4b41-982e-7bd076b353c5	8ee1c7a8-f587-444b-83e3-62f84fec6dc8
fbce71c2-bf8f-43de-8e9a-df61a9359e74	b2c6f6bc-f755-4186-af06-cfed5ba7aafd
f489f013-13a5-48f0-83a5-f25415e2e516	a1fccc38-171a-4a85-a9bc-0d9ea9ecbf39
f27ea364-9721-4e82-b598-b39394e34bd7	ae7d48a8-086c-4a74-8bdc-bf9b262a39b6
46db71c7-5dc8-4768-899c-c75d81b894f1	6038ba83-fe52-4736-9abd-ae76f95116e2
969b6f95-e7d9-467f-b07a-7d3cd105eae2	81756233-c137-4af9-8580-fb81fe88565b
c3ad9379-9873-4b2e-a7fb-96d5ad03e5da	ba120077-f073-4943-ac66-eb507d41923b
5124fb33-8117-4545-9c88-b278c63c42ae	80db8bff-1422-4253-a4da-31b9b372c7b8
189685a4-2807-465e-8d9a-e161d926377a	3b9f2296-bd92-4aae-8113-fe62c6a1b038
e892a80a-baea-4817-b511-255df1e1fdac	65eae126-b851-46c1-9af8-0b5bac450c7c
1c0f2f79-5a0a-4e9b-b07c-f4ed632625f1	a9999a96-12ad-44eb-86c2-38a1cb6f551a
23ebef96-8ce9-444a-a4cd-9b9214f73363	320fa8f8-a837-4e72-bd59-ccedaf4f1b6a
1e57191a-06c1-41ef-8a92-2e32370e0f42	dd1580b3-2749-4b89-881e-c180d14d88de
d77290e6-f07d-4e32-9022-dfaec7b1727f	36596969-f483-40b9-9be7-a12cd8de0aaa
fdd5bc87-f754-4ddd-b99c-8b14b936cd2f	2c097f2f-9e8d-4743-9f73-861182568355
606c9c9f-5657-4d83-ab6d-094593cec7b3	03d4c719-df98-40f1-91d3-836a4340b982
f2093e4c-f059-47bf-9dcd-cb556fecf3e7	9102ce7e-8b72-4186-8b54-c49aa99de178
8e86585c-152e-45a7-b87c-dcfbdea48b18	3e05f81b-4fb8-47f4-b3e2-635e6219a24a
a4a94e6c-eb1b-4027-ad13-eb02a874c6cd	69769d0b-46af-45e0-8749-8349bde45756
f0dab0f1-4891-4ca3-9933-7d566248e949	b0fcaf0d-3a60-44fa-882a-b5a9ac1f4eb9
4b4dda2d-7029-4ce3-90dd-fe9c024a619a	1d04f870-f537-4aa7-b89d-08dc77791936
6894f6ea-a8b4-429c-93bd-81249dfc002b	bce490a3-22ec-4cf8-ab78-4f9b6134e7dc
5ed19cdf-15e9-4618-a7ed-34761c2586d3	e11a5f4d-d74d-4398-9992-5982612bbcbb
43ec59bc-4b7c-4b07-afa9-91463ab65ba7	a3681d02-ac33-42d1-9f90-ee63cb8652b0
0a7094f0-fc9d-467a-bcb6-6f6cf82fdd0f	7f8a07bb-c7da-42c3-9753-1fdc68512a90
ab8dd28b-f788-4b7b-8fdd-5e992c45965b	d4fa43ff-7ac8-4be2-ae08-a848ba6498ad
df9846a0-a806-4ab1-9631-18d631d8ec3f	c4e6c109-19ee-470f-80ec-4fd097c1dc1c
593562e0-b25b-4408-b607-05206b2aad71	e1d316c1-ffe3-44ff-b3da-6d9126134b81
86710e42-8cf0-4c10-b9a9-c85018dc4c46	49f27892-e69a-4904-a1ad-f48ae437932c
20759d73-7b9f-410c-8b67-c92553033e62	d2e690e1-dd55-4311-9181-d0b301d2d911
0864cf29-4264-4329-a6d7-0d9e447642ee	deae3b36-751d-4f4d-967c-1dcdceeddf8b
9bf03f2d-acc2-4ac3-b369-6cdd322f8919	cec9ca9c-ffe5-4d6f-9602-7a0ab16aa7a9
1f7a302a-8c23-4f92-abaa-7bca8843dba2	b22d39b8-da0d-44e6-b0f9-1c971583bb90
253faddb-a531-49bc-ad81-99d0a82558ca	740a64b8-c599-44b5-8d2d-f1efd80231e5
86c6d497-a6e4-4201-8093-e51c1b6ccbac	0be9fd9c-87c2-4ad0-92de-4913fb032075
9ed6a019-a7af-4567-ac97-2e5ff70b1d30	70cac894-614c-4aea-af00-bb2d246f52be
44732067-a35f-4dda-83cd-2eeb70230860	1ad66030-847e-4bac-bedc-9700d3340268
00ec9db9-aabb-47f0-b668-9c911ff4bd53	4125e7e8-a974-4737-9d92-eaf3034e73d5
2137f7cb-fada-41e4-8cac-e97ec4359669	2fcc558b-66ed-4223-ab48-db9457c6738b
28ed6c12-689d-4d35-9fcf-e0e4d80e8d7b	61cc48ee-980c-4d8c-924b-5aaed8f151e0
8ea840fd-4357-494e-b4c1-c9052f31f99d	85187338-9e68-4d7a-b6f1-ba7abec22e22
198f02fe-e532-492a-bfb3-d0734829a321	6ee05362-e423-4dc8-b7c9-ecf9c4b5bc62
7686a39f-b641-4caa-89b4-0a6966ba2af7	3241bdb2-76e7-4ccd-bdff-609db921ad28
e5245318-218f-4329-8608-d5a05ac7742b	e2b19bd8-2e72-44be-be3b-a213d68a0cbc
0105628b-3220-4f60-b85d-65f07708a8f1	067adf03-2151-4666-bb81-b90f710b1ff0
dbfea4d9-ef95-4d04-8508-50a5b3a570c4	0d9ba19e-fb3c-4e0b-aa1e-a5482b4bd152
3b5c46d4-0349-485e-adda-3536e0c35282	737f4f0d-e334-45f1-ade6-dbbe27434de6
349578ff-c663-4dfb-b0d3-01579d805bf7	19ad0829-8f12-4d3a-a98a-cdf3f37575d3
9dbc95cf-7285-464f-b547-2cf654c09217	ff954870-2ed6-40ce-9cc9-bb867be4f23a
16f9924a-905a-471b-94f9-5eac4f9d1cdd	62513b70-898f-4cc1-b806-1439bfc8198b
237c88e5-6fc6-480f-a0bd-fdae9d94ce7c	20ccde8c-6622-48d1-9780-ceaa3dae1139
ffe4c79c-772e-40e4-b8f5-e084d15cff1e	17ea9f30-47fc-4c11-bd36-4c6c22560cc6
55b599dd-0528-4f64-aef7-1420c477cbf1	d48f54a7-cb0b-4a0f-aea7-d0edc5375eb4
7c13ab51-0180-4c0b-af50-c58a4d1ab584	4bd9d908-28d0-48f3-b1bc-90717e75b759
3adf28f0-bc6e-43e8-9213-e0225d3e952d	83f3c62b-0a9d-4cf9-a574-81ba0d3d9add
db73d399-0e9e-4aaa-8145-8c2c314b3b22	e11506ee-f78b-43fc-8d87-93efe552fb8d
a7673269-db32-4d72-9a57-8666e30e6c08	dfe0d040-8d55-43ac-8ef8-ecd7b4d66c73
c0fe5381-5eb4-42f5-b0bc-5b0a812555dd	853a6eda-607e-4db6-b3bd-0126c346b6e7
6b5db63b-dc78-46bd-b697-8585d5fc8c93	70e35fbe-7040-439b-bc1e-dd20dfccbd04
1d43f585-b25b-4e77-bbaf-1b22c8e08e17	bf00a812-4572-48a3-80d6-beb727e85862
d45f06da-da71-4751-8d57-009805dadc83	cd66ede3-4838-45ca-8de1-c87dd86b7fd3
4b667133-ca4a-4b74-b623-edd0d195accc	b13b24ef-8a3a-4806-9023-ca159efb9626
8c1ab1de-3a08-4640-b72d-97c72e1c08b7	af010730-15e8-4ddf-8e33-63aa53028c5f
35682ca9-6bd8-476c-9e3d-ffc9a782a43c	445a25f9-fd5d-46df-833f-e22b1d91ff92
15592268-1fc3-4cd0-9216-e13c0f531d45	4f1e0b8f-a73e-4c5b-9eff-2dd40582f324
e7ab1ec9-5f74-4682-8b16-00a96623318a	314bda42-1ef8-4041-b0e6-5894adde5b7f
ab2484ee-81a4-4230-9779-39042173f64a	3cca6914-6dfd-4e1e-a109-56a8b04a4bf4
9c4a48de-0bb9-4e90-ae91-34910a211648	81fb4f95-29ce-442b-bd8a-e41cd6b6d0ef
ee454080-c6f2-4d39-9cf0-5b440ec2c4d8	c3526369-573e-4e6b-a6ed-fab8a1223c63
cbce2a2e-4ebf-4d96-97da-52c2e1a4cdae	00eca5da-c814-4cab-9e1b-a31fc13780d9
a41ebdf2-723b-43c4-827d-fb40a1fe3247	08b9b5d8-5373-4730-8874-246c8e7db2fe
8a308593-1bf9-441d-adc3-49bcf311ce0d	f754bd08-af57-436f-b37c-9c51c867d485
2de8e650-e847-49ae-90ce-fc27422ce2d4	780f259b-fa88-46a2-bc50-4fe15dfa2310
0686d268-6a3f-40b1-815f-fd15559bb1b8	c845ec3e-69b9-4df1-9773-b7bb0306f03a
3ee6cd0a-9024-4ea0-9056-6cfaab4ef1ba	853f0b59-a51c-4657-976e-2fe587d45dc9
926827fc-5111-4ef0-a908-916bfbea5798	084c8ea7-e5bc-4f8d-ace3-c3bd9c7ebd3f
990ef069-d2b7-45b2-9a2f-8773f4045cb3	97e55331-ad6d-451c-8d7e-1c72282e2dc1
5a903e6a-337a-45bf-80fc-9455c2df3eb3	8c6b250d-1cae-47ca-9c0c-f5f4656b4d1c
43e35464-a27e-4d3c-9987-876b5071cc50	71e74ae3-d830-4873-8d7e-bf74785ff12d
001c8bbf-8113-48ed-94b2-4374f642b90a	fa103e9a-24a1-4f52-9186-06b9b383164b
e7403c80-6591-4702-aef2-26badc745f51	cb3d4fea-b8c6-415a-b682-90fbbbf34554
1fe9972b-957f-4d50-9d51-a170128e4901	d2828d1f-aada-4129-8dfa-e4d45a6db82a
43619c9a-6c40-4f48-bcac-519294a4d3ac	525e56e3-a7b0-482a-8b48-7388ab82a853
7af7df33-b6d0-4e15-bf92-66075f819568	aa3f9cde-333c-4542-b497-d5b3fbdd27f6
653a7abf-81cc-4c11-9389-f138503c94e6	3f9101a0-f158-4cbd-99be-d6d20958ec00
4f2383ba-76a6-456a-b0a4-d4462d4bfb73	6e4f9950-9ea0-4868-8e2c-9876eafd0442
758fff48-398c-4318-aeb3-06be3723a5e3	f6889b41-7493-4cc3-a9cf-ec55d65c7c27
caca9ebf-9796-4368-a2ce-287ec9860d0d	6fc2fab2-1809-49e1-af50-e253c3e18772
2d6f6a81-2bad-4a67-8402-4cf801897b83	058aae99-5bc3-47f9-abbe-32003f020512
b9f7e2a1-807c-4ea2-b523-e36d77ce5371	2ac2eb3a-620b-49df-a654-33365ee1da90
f0ffc2d3-c5a5-47d9-bf85-fef713e53b99	3abc7b1b-a093-4af9-b60a-e1c0ecfbf5cf
17a9a00b-0762-4944-9abd-a5780af94b2f	8acbe7e4-8cc0-4237-88e2-67bbd1b17036
755a26e2-5295-4f82-ac1c-87b26373aabd	30da9877-0d29-4479-b8a4-8dc50b7f6b27
0643491d-5ce0-4645-a385-182c9ac3dad5	098fc2e7-2344-431f-a4c0-6edd9431c089
4629215c-ca14-4478-a822-81213bf3b112	cbea9cdc-612d-4d42-ad74-c94027a9d25d
f845fca7-4890-4dfb-af0b-4e64dd9f2909	c7b34f73-ce50-4bf7-9e46-5f3e7d63f29d
ef4865c6-6ec5-4902-ab18-153fa55d56be	d7895322-686c-4b49-9a28-fa7135fbc6df
88c73f16-fe7d-4004-ade4-86fb5107bce0	6e85bedc-bd4f-4de1-8cb3-0114820225b5
8a699d7b-04cd-472a-a37e-612dba47945b	ac4d241d-5b0c-4d09-8ce9-f4a12161d39a
ac832cbb-30bb-4f45-9731-8188b88253d1	1bfc6285-e079-47c4-b347-f733ffcd9d72
e82827d3-cde4-479c-9010-98a3f472b706	2c632746-2726-49c7-a812-37696fe2dfd9
4eb118f3-d722-4e29-ab66-3c7df57c7c3b	0a242adc-31cb-4b91-b226-ba0a5aa34e2e
ced8b6bc-2a8f-4716-958e-dc681215800a	1633ffd5-0ecc-45a6-807f-2a964ffc09cb
64f6d7b6-a911-48d5-bb81-c6a0c357d874	58d78434-751f-47d8-8686-cf1e93ead841
eb388699-bfc7-45dc-adb8-8a8cccd6c792	d7c860a5-3c48-4f42-9291-28eacb75a279
5eb60532-4d58-4986-ab4c-993e734409fc	80cb444b-cceb-4c63-bed3-96f57fe2ac39
f5a2347d-26b1-4f15-a9a6-4978d4f0ed55	251bb2ec-804c-4bb9-9742-a8188412de1f
0362406c-ef5c-4cc5-9792-af97697ca440	f3acd8dc-a1bb-40bd-96a1-59fa62d75465
089dee9b-f776-4d84-a38f-19d430bcd30a	5d06c5d8-0fdc-455c-a963-5c4e9f0839f5
d8da7009-334f-4c17-8659-d7406d75ca1b	8f3e5f4b-c1a0-4432-b452-d23086922ab5
64f15a27-4aa8-4b41-9184-daeb838d8a93	68429ba5-425f-4725-8796-dac456854910
f969e320-72f8-4fd4-9f38-3fd91e4a9114	68765cad-50ce-4771-b4cd-821203f123e6
a61bb339-c16c-4a37-b1e8-53a72d7af1ac	2452c0e8-374b-47ce-a039-45429517d8b4
1d73207c-ee7d-440e-9d00-e5636bcefd77	79b7fdfc-148c-4464-8e3e-cfc5f1126757
34c132f6-5aa7-4acd-8399-6e1bfead5fbd	fcb95a79-6381-42a1-a696-8a66b9eabc16
6fddd7b6-3454-4501-a7df-7969d3246cba	e47d9900-57c2-432e-bf8f-3d2833978f0a
d72f1ecb-45ff-458e-9fab-908937aa431c	edcf6ada-264b-4e94-937c-c6c6ef08680c
d7d3b6e4-92ea-4978-9068-3a616924834a	b8e2d194-1c97-4a3c-a744-21f0f354bd69
28341c5b-1a32-4fbb-a1b8-561b00a504d5	a08487f1-016f-49eb-96d8-b3bad55d03e3
4e68d043-ba19-49ee-a434-b743febfcf99	714a30c6-f536-40ea-8294-4ac51737ccd2
6f854793-851d-438f-813d-3f8d6f3a73b0	a5e6ec4a-d800-4bf4-87ed-d9ed9f9c35b4
15b387b8-ee0f-48d4-a7df-7bf1046a9fa8	d4188e03-0059-4a06-a72c-322bdbeb9f67
fc0b5d6e-8700-41f8-a703-f56816644dd1	c47b8bc2-95da-4c36-ab93-c0eafb3a37db
be3b4fd2-3a2c-4e96-80e0-f4076e7a0a9e	042fe384-35da-46b1-b761-aad122f93232
14212814-ad4b-4051-9d43-0f7ed56c585c	ccf6a56a-d523-4469-aa8e-71288e217115
6b319b3f-fe98-46b1-83b9-5856cba9c27b	62fc61d6-8679-4970-a2a7-5ac3782f8eca
6e5e7c05-51ea-4002-983e-e487cebe97a4	af8c8394-118d-40db-a70c-9779f2ef0554
8e112ba7-9bbf-4e8a-9aaf-aac9b6349c7c	9281bf95-f8b0-450d-8496-a02a2a5455d2
36be05a2-2be3-4c1b-ae6f-b664687e1fed	e8ea2d71-752d-42e0-ab4b-507e531f9e8f
7e841588-6f7e-418e-8169-7c50531f6add	c4ad6c48-8862-4e96-935d-b9063fe2971e
d93b2b2a-135b-4f29-b2cc-a833159349a1	68a7e192-7b16-4608-a6a7-0e0240fb925a
0978b55e-ef01-4e15-bbc2-78c5a646459b	34a7b12d-aead-498b-b759-0d5f9ad78519
8e7d0374-cc01-4898-abd0-2ec543a5e67c	a9513f20-0b95-4052-9050-f6bccfeea10f
11ca3abc-2179-4cfb-bcf9-843e3ea6ccfe	b2b888ee-04f1-48cf-a700-9db477ed6bf5
94867a72-048c-47f0-b6eb-630b061d7e57	f5901fc4-f0cc-409e-92ac-4d8c17398a57
08a8791c-cf55-4f9d-b736-ca3fe30a51c1	02d3c4cd-b010-4c09-b9d0-18cee0f87143
940531be-6b8e-4d1e-aa16-5de7c654e69b	d3a4d491-7a7d-4f64-8209-d15c02a7e4c9
76fb0ad1-d66f-4af7-9322-ca4739fa71f5	9e1b9c24-56dd-41ab-ba06-e34fa5d70e40
37aca057-1788-4525-9506-d631d42f96df	aaca97dd-3c69-402f-9fe2-0223bdb2a135
b86f2c16-695d-48e0-9043-964bcd1a3f0b	d679d58f-20b3-41f1-b37c-aa28cff281f4
3388b52f-f374-40f7-be78-351d2cb44cd3	d90210ab-1918-4224-b6e0-8eec3accb800
8181220e-c22d-4c43-a09d-3dcf67451974	a9e69083-9e5e-409b-af48-dcbe3dbc1804
1753be08-8a80-43bf-8230-d92c20c67d17	fed470af-d1c8-451f-8931-3e8a7ef8ef89
ddce71f1-5c54-4e2c-9c70-6d198f0a4da7	397164e5-b2c8-48c4-b485-02a1d679efb3
38106014-47ec-40ca-b543-3c4afd384ba6	a26c1645-b3b2-48a7-88a0-e3fec7b9ea04
3859a6df-4d8a-46d4-8a33-be288e3c61a2	c8b5d050-c6f1-4791-b2fb-c9942acd4a31
9e46113c-758c-47db-a539-bfdc9351931c	06446e32-7ae0-41ad-b69f-434afd2db905
f927e173-867e-4783-b468-4a8cb296e180	27650a40-84dc-4316-84a7-f144a9e28849
93e65473-c0e2-415e-acbe-17078fb339cf	eaa82573-11a4-4a73-aa8c-3efbbfea166e
0fad9974-85dc-4489-bdbe-b1f65dfbeba3	77040e46-aa9b-423f-9256-1293aacc292f
3224aea1-5c91-487f-968c-bd1dd1578342	f377c3e7-1bbf-452b-808b-ab5a07d2fb36
68466222-a0d0-4fba-82d4-8266d9e51ba2	6d1ed9fd-0fbb-4c7c-8ac9-b596507da945
66003f39-a287-48f4-9947-7264576e5415	c76eaddd-4b96-4c1f-9988-db9aac97c2a3
3fb8b225-af54-4f24-a7f7-872700baef9f	aa5dd642-2102-4bc0-89bd-3bd94b56a0bd
fb6e5816-b7ad-41e0-88f1-5343ccddf98c	7e7da2be-690d-4dc2-8f1b-5a4189d7418c
cafe2071-27ce-40ed-bbe9-a10956c36eb9	e767c3f2-339a-4865-9ce9-fa49def9fe65
e8052b89-987d-4bcc-9440-572b9d6e5105	d243d979-61bc-4a42-bb52-3fd13ffda94e
d3ea4aad-5adf-4091-9bcd-e49d800ef453	a6cede74-84ea-4869-9091-84c980ddb9fd
cb013f55-9b1a-47ea-89f7-ad75f1de12d9	d0dcc0f5-8fa7-4e82-8edb-728dde088969
784bb9c3-6847-4097-9a87-e6f467a60d96	76f52b72-a835-4dcb-9cc1-dbfc29845f60
b6fd6e87-5bc0-4df5-b688-3fb69213c177	968dd661-21bf-4abf-ad39-b40d8adfe971
b58bea99-ff2f-4889-83d9-ddacef1a7fc0	003bfaa7-6fe3-4c35-8995-587e498b5e53
a1efc7bc-3f48-43cf-92b1-67328e979eb3	cb328bf9-afb9-4ffd-b6fd-db70cb5b6dea
9cb57af9-0625-4b31-bcf5-f214e9bf6dc1	9da06023-cd4f-4730-a6b1-aad5641647a2
e80a33c9-4ee1-459f-ae2f-34b79880285c	77436d36-88bb-48d5-8755-8f5e7319f974
9807e20b-c841-4d0e-8f5b-92bfa5cfec35	85796f79-75d6-425d-b8e4-b73bd7f8bb4d
4b159396-10de-49fa-8ccc-60caba4d9ccd	3e3f0b59-3a45-4d81-8c3d-aa4b4fae566d
840177a6-823e-4219-867d-c8a94a9eec23	d09d1b04-788f-46e2-9bdd-a777b3538342
5e7036c3-bd90-4871-a268-569ad3d696bc	bad6a73d-46cf-421f-ab33-faefb680b60e
c2698d93-7082-4f4a-9d10-031264ff7df4	f1d952ae-33c5-4b53-b6f2-22a6c6eb8f01
4a0d59a0-331e-4d6c-8699-e73f3aead2f9	550ee3cd-8620-4d82-83e1-de3d6812b986
3f7c899f-8a2d-4d4a-bc3c-53d6483ebac2	3bf920fd-fa19-4822-97a3-14d6d1955e14
44e0e69e-73b5-46fa-86af-72b9f74e273e	863f642b-b008-4ca9-9b88-3092a0c78110
70f966ad-73cb-40e8-9a8d-28e2fd66c335	189b5772-7a12-4b3f-aa65-e5917871cca9
681553ce-beb6-4429-8d2b-dffa2b3af268	317f75f8-440e-4cb3-add4-1a87921097ac
683761d8-fa6a-4986-a583-46d5862b60a0	31c6505d-3617-41e5-affd-0b71bdbbe328
f873c4cc-7aef-47b0-a5c9-34bbf137c399	6d257f56-9e95-4c57-99fd-6c87e4d5aca2
e8251458-323e-42bd-b200-c545fd3bd47b	2c8d575f-fc75-4a23-b1e6-62cdf1c6f96c
f5105328-ad2c-4143-82c1-9eac2a7c9a73	43ce6c97-f7ca-4dc9-a464-21a74115d982
bc3e075b-b50f-4eaa-ab0d-aa16123e2967	0b270618-9f35-460c-a69a-e88b1d37696f
e354f432-9a2f-4a99-a694-914f26521bcb	7af1a9d0-efe9-46ae-a8ce-d02e789e57a3
dd56a884-f91d-4ad8-986e-817ad1db645a	e7dd4cab-d06b-4a7f-b248-26a18ac46eba
744962f7-cc11-4683-a79b-3715dd0be385	b92b48e8-9e33-4ec5-a801-199a4281d8ee
ecc1e026-ff30-46c9-8ff8-204b9bee60ec	b0b3bf58-777d-405b-84e4-25a8be11a1b9
de4a0e51-7d25-4aa5-bb71-04bd146dfafd	31df0ae4-2e25-407f-841b-ff77fd07417e
f08b094c-996e-4673-ae17-fd42fb098c22	ee0ab938-4fe8-451f-ab1f-19a9f9f07385
1f847203-97b3-4a0c-883d-8043a4ae5773	bd41ccb0-9594-4908-a47f-c46b1ded6d0b
1cc40e23-7286-4ebc-9cc7-e42e56742a6d	b6f9b6da-76f9-4612-9402-6ebae44a5986
a13aa9fd-f179-49a3-9296-d2d240a2c58a	c1f417d4-1fa1-441b-b3ad-70427ea9f60d
74f556bc-441c-45b3-b8c3-6304c269e75c	e901ff45-0c50-4ffe-8b19-056a3c956161
3e3b2ceb-4e9b-449d-b8f2-67e1ed16e488	96944f6f-0f32-4413-a453-85d61a249c30
1e1e905c-b430-4f4a-a564-da0dd9a204bc	8d41c48e-b580-4d35-9478-61ff37bc8185
57e38a62-d35b-4b14-85e4-17080de42222	5b9b0fc7-6159-48fa-b109-e4442bbd9114
f18e6b4f-561d-4d3b-b2e3-29b19a9b21b6	09c4759d-8720-45f1-b103-dc445d5a69ca
c1ad1bc0-07e3-4566-a575-14936d536e80	e093b859-5979-44af-b907-88c358fb6c36
6a0ac2f7-e4bf-45f8-8d73-cd6ab0454f78	b7bf2758-d85f-4545-9676-46c7b9a2dac8
46a62d96-83d2-4cf3-9598-f95bd7e10ffe	cee22f27-cd89-4263-b0a1-c84f06c33c6d
95b782f6-23f9-4a4e-9cca-29b2cdca2ba7	658999a3-8d58-404e-a89b-d7e39f01a8cb
7a4f456a-dc46-4d3b-95cb-aa58a96bbd37	03045d4a-a23b-4731-9ad6-84b286a74d4a
2d19771d-4fc7-4540-98b4-65ffb3580a46	7dbb9fdb-9a47-4336-8715-bc98bf6ec487
0302f33e-9367-4156-832c-2b65db002983	98146214-684f-46fe-ac5d-e1b85f27a178
5e9f307c-da2c-421a-a2db-efd13181f5ca	a1e1d9e2-cfd2-40af-9bfd-e1749023761f
33c1249f-8d7d-464f-8d78-43ff37424906	d5bd0665-9b02-408c-80e3-6fe4eec58bb9
8d486970-9d69-43f0-918e-b7d09f1e4b62	0f203630-de39-4050-8583-307d48dddf0f
567e4945-eda0-42a7-a425-6e289c216cce	9eaf3913-bbcc-4d81-9b46-808d90e91693
091a6a72-e882-40b8-bcb0-166106a2a77b	c148f93f-d941-4c83-83df-054d17322306
07f478c7-930a-45a5-a8d4-7495f8413899	46d6061b-c159-4df6-87ff-742a0483760f
41474beb-f880-4a00-bc74-46b2ce0487be	1a301cb0-045e-4946-a592-dc2587fed985
93b8053c-6008-4fcf-b246-d7983dbd5dbb	6a12bebb-5946-4601-88c0-454d1920d815
2d25e8f3-9d4f-477f-88e5-48868f414685	ed7a3486-8128-45d6-83e9-28213bcc47ee
77609706-9c99-4a01-8eaf-e34a5693f5c0	fa793279-1388-4436-a9a6-eaf945637b29
d6b354bf-6af9-41b8-a415-4aabe2eb0671	24dce793-fb81-4736-90aa-aa26c5d49259
fe925005-cd5b-4c9b-94d3-546507e856f6	e8474a92-c597-4de4-af00-d7dfa188de0e
4948a82d-b74a-4fe7-ac6c-c31b6f6f857d	87e06768-7565-46b5-8643-af764fc9dbd1
845f25c1-72b3-4b1a-9adb-f45571b41e2c	bab1f84a-1554-48d9-a17f-dc4d4afc14fa
36aec154-6c6e-47c4-966e-168ecee488f2	6689a184-4bd9-4e46-95f9-2c0eab121df9
49ef9827-665d-4474-9840-c9ef01165a04	240a339b-d7d8-4b09-a96a-f79c540a8ca6
e47f1e57-5d26-4bdc-902e-782bf2dc10ab	4f67220e-7c8a-4f89-83c4-c1bb2d2a3fc2
0665dbef-825f-4a61-a270-b2cdf8db2927	e4bed1c9-59de-4eb4-95de-de4d14f6e03d
fb0bb327-1642-4aa2-941b-99c22b9f663f	12abf864-446a-4284-a62e-6eef67d1189c
819ae711-e8d9-49f5-89a9-b786f2e843cd	51adacc1-e8de-4674-939d-ed7e50a789ec
b035ee7c-7265-44a7-90fe-611bc5dafea1	d43d1bef-a9a8-438b-9cc5-548bcf78ac8f
8fe6a789-6404-4290-b28c-1f3e17893b80	59f9841e-ca91-4316-adfe-92b40b9df055
05bdcb81-3eaf-4250-a063-d336f723d08c	2c4789a4-262e-43fd-abe6-16465e12b0dd
5414771c-87e1-46a6-9794-4c7fe7decbac	d09af0a0-d4b4-4332-8c12-25c35b784c11
de3292d7-861d-4ca9-83f8-c862467e8c89	a8e599d7-82b8-4b7f-aaf1-c5fe7c00e6a2
0d4be23f-7a85-49ad-a340-4dc55756b964	1a4baa38-fd25-474b-a441-2016e91dd646
a16e16f1-e56c-4cde-9b82-3e31066a88f5	135023f9-c377-4fef-83d2-7ee88a9fac3f
9fd3862b-0730-40bc-a83d-d2cd83199c20	4967a314-15be-46bd-b277-8af6ab62fff7
f3a3f18e-ca81-499b-a2e4-f6984015911d	98078313-d39b-4db5-97a7-db2e1ab174c7
1044dd44-728d-454f-88c1-dc7562ce5234	aab13689-5a7a-4126-b5be-0e834f85cb4d
1855fa18-d678-4f03-a546-002559cac46c	afdcf04a-01b4-4560-b3eb-52b6cb215357
c3fa4168-9538-489d-ac67-b6b3d4075e41	a7d90eb6-dfab-4803-b411-751a3d5a741c
986a688b-936d-492a-8aab-4273f2174133	e89f0813-a6ea-40b8-9bb5-5aa75b55f503
c91bc045-fa16-4d23-8246-c5bad4e2e623	f49b792a-bf9b-4ec5-8dd4-bd66afcb2e55
611bd856-91ce-4660-96bb-928678e332d4	a345f25b-0c77-4e97-873a-62b1c040f2e1
3c4812ac-f306-49e0-a0c2-24d7f6efe87f	320a61ef-d4e9-4519-8361-eb21cbbca6df
76b0cfdb-5ce3-4f4c-9eca-6e5217c141f7	f7dcf2b3-267f-4200-830a-62335f1d67c1
dcb004a3-8b52-4c59-ae33-d12e01fafb8b	983c4e1c-cc65-4fe5-90b7-ca69ad8dfa46
7f397868-01dc-44b5-984d-300cd91ec58a	e01e85ef-3ad3-4c01-ae2f-19bc2d4e5171
2ce1073a-9f51-49e8-9f1e-c64bcf8ceca8	f9eee221-ad11-40f1-9264-c6c5c275f908
0aa66738-1ff8-45d4-aed8-20e634cfc4e9	68f0c2e9-2591-461f-bb4b-ae22b104b07a
c9397c9f-9bff-4142-965d-c1b824627882	3d3a3de9-3d57-4249-830c-cc063d1dcb5e
c1464fe1-8886-4d1a-be0e-67841d58f277	8b26b384-6aaa-405b-aaf2-62b71be953fb
0238eda0-0d63-4507-ac23-aa7c24d68705	fa9f18ce-8141-46da-8a96-3fd40837940b
fdfc258c-a87b-467c-b1ab-c92ef6948000	f6c1dc74-59c8-48ad-ac96-9477277a04fb
7b5610f4-0b22-4c71-8ee1-01805a6a76c8	10f01a20-6144-4798-8d16-750badfb46e2
4a9e9ddc-5262-4485-bc58-d8fd70294c5d	19e65702-cc9c-4f37-91c0-0d29837fa6eb
f56f15a7-bba4-4360-9437-acb2a37253b9	a3099d76-0beb-4a05-a841-7213f413cde9
50cde19d-07ef-4b56-93d4-a062b6eb06c7	bd4fa811-a284-448b-980f-1ba7364589a8
46eff2d1-0af2-4b9a-bcf2-043cd0d6579a	62ab281f-7858-471b-9a61-6ac5cb9b561c
96daf197-8a21-43ed-9baf-c598ee375dea	4274d6a0-7598-4e96-99da-12a17a15bc30
0b9728b3-897a-4649-94f5-16b68dc935c0	ece20cdb-9c0c-47fc-bdb6-03d36a335819
a9627b82-20ea-444d-bb7c-a25a8a73026e	c5a4f84d-f34e-4787-ac21-8bfa7f5ef072
6c5d3304-1254-42e8-a864-ae7ac2cb0cf6	7a4d27b8-b4e4-4759-9191-d6f35504bd80
87417ddd-c659-4563-afba-4c5ae38532dd	b178a089-4cda-4c64-b1ff-cdc40e17a8ea
41f243e8-af72-443b-bedc-33f8d24c5ced	b6f125f4-43f3-4ba1-b2c1-0541fb3f9097
ef3fba33-94e2-4cd5-b4d7-cffc85b6946f	115be46e-5349-4cf3-b4e1-982a515e37ce
b09e9f12-6391-4bda-baef-54aefb980aaa	fd3b4576-7840-4b4c-9918-9374a08e586e
81197476-3668-44f6-98d9-fd94f617eaf8	aa147752-adaf-497a-ac2e-773f07836cbb
9c988472-b054-401b-ad24-3b670e5a31de	74f5b374-a8e2-46f0-abee-38eb5036a26f
737c0e9d-f49f-4129-b93b-61f0b3af632d	85674997-b583-4b55-85d2-8b90452de160
6c651b79-b26c-40ee-aa51-d7250c53f30c	07abf4a5-1b65-4093-95bc-1a7ccc080bc6
e9becb49-f0a0-4bac-b34c-7de13e273a2f	1f1b6722-3686-4593-a2be-c6326d0862d5
3b46474c-5894-4ecd-bc52-a16897ff095d	12e276df-04a0-4444-a69c-b964041dc9f4
75f8f786-f65c-4347-b9a3-187171111e5c	bbce3e5e-31b8-401e-97e6-3a290d04bbf9
9ddf9f3b-a837-4d6a-9a34-133226dcb606	547d9b94-9a90-4c39-98cd-284cf2137819
54db4f6a-17ad-447d-b4f1-4bab1fc58caa	51936858-8762-48f2-9450-19846a128347
64bdf5ab-43e8-436b-8a20-a1ab902e9de9	2c0e6e29-5e5d-4040-8b7e-12b5879ee0c1
6e215964-c7b3-4f9f-be85-4e59d8ac8522	a8aadef8-2850-42ef-87a6-bca6cba669e7
8cd7167c-9c19-4643-8585-8104e5d1b4d9	2233d902-ef85-4697-93df-cac439fc2e66
e6aebd61-d8bc-4b01-ab79-b6c2f14bafee	c4056556-9eb0-4e23-a8d6-0f2ac1ac9d0d
e79c4be3-b30b-4c25-9a83-13f9915a8eb0	41db1233-e4af-4eac-9edc-c7803f118672
de985bd0-7354-4195-be38-ad761283de55	a36fac79-be48-4f9f-be4b-1879a5512658
5469ff28-e0ca-4516-933e-3c760dfd1d9c	4c010892-b0cd-4c07-bd62-ce632dfe94e1
218791a9-76f6-4d02-a55f-bd6427c21dd9	eb6e3e0e-db85-491e-9508-96883fba280f
bc1c385e-28a0-4071-a6eb-5e4f3392123b	62d13267-8eca-4744-94ac-a4e0d8c06340
e939d00b-22ea-4605-a0f5-df68ee61802d	89e5fa96-d9c1-4fbc-8085-3dbeea3d45d9
5756b0dc-7b1a-4bbe-ac6e-23e817ef5299	47eee2cb-0dbb-47a8-8486-d38da248a3ac
9a96a554-c000-40c4-9bfc-a2d349448007	c35b4186-1753-459e-9b1a-da9bdeaee7a4
9744628c-3039-40af-8b5b-49543dfd73b7	7143c0c2-1e1b-4c69-b80d-78fe51fa5ff4
e79defc3-6e63-4a06-a806-296b6e26fe74	e7cc15e3-1e23-4004-a527-4390a546a8a3
b76809ac-fb1d-4cdd-a29e-94cba9ef2503	64016aea-cd97-44e1-9892-c03b9f26cbcf
3434fdb3-63ea-446b-81f1-fc97c9fdd3c1	b543712d-9327-43ee-813b-55cf9c955f7b
516326a2-5384-43e5-8869-2b929c85d1d3	d4f69bef-7777-40ed-88f6-0be9c41cd5c2
3c29073e-3c1c-4c7e-8ae5-c782685ba8e1	5fc7c1da-fffc-4d21-88c8-37292b157d05
e7846dfa-7f2a-4bfe-883f-26500ef0a636	71d14a49-98a6-4b33-8306-7836993fd5fc
6f2f9614-10c4-44d9-8a7f-2267cc5584b2	a41b50b9-c194-47f8-bb5f-2dbe3307de7c
494b9364-41fb-4225-aab4-d10519bcf025	33818656-998a-4aac-af20-1b384b8a0db5
0d0f61c9-c919-4f31-a35b-f98708479271	81615b12-9a81-4840-b86b-cc88f87f0bf0
7a305a3c-33f9-414b-8cf5-99c21ee181e5	0812214e-3e8d-4ce0-bec9-c14e22cc37ea
d7eed10a-5523-4e64-b751-08f90cdda48f	16466b92-c566-47ba-9534-0b238ecbb370
97bafda9-a2bf-4ed6-8761-e5cc2abbf25b	26611e33-a38d-452f-8705-2af33863c16c
d0fb358c-a679-434a-b085-aff934aa7ba4	04905728-7e40-49e4-ba3b-5e08de609352
1b6d340f-df95-4c68-a186-d14c175df567	0c104318-9c72-4f0c-86c0-d5fb8ab41815
136443bd-a210-494f-a69d-3334f3f60ffa	f5560aeb-3e71-41ac-bd0f-332d634141ad
d6921ce0-18c0-4325-85dd-255c75f356bd	55e2b56b-4feb-47b1-b383-500236c940a9
69e177d6-be76-45a9-8be0-52c431313dd4	dc1ee849-bafb-4b8c-9b8c-f8362837b639
caf9eac8-f564-4643-9fc9-091f95cec940	a3a4c7cb-75d4-47c8-9c6c-9a39acaa851a
9cf1b360-70c0-4e75-a1ac-d098ef32c3c9	0567613c-e082-4993-a9dc-98351d2c7ece
163df6ea-2a13-43d8-b257-f3de991cbaf6	aa7e1120-bdc9-4861-b35f-fabb670b5e3c
422b405f-8edb-417a-856c-04680181d3a9	fe85827e-780a-4e23-a411-89a97b8cfaff
357f810c-7281-424a-bf17-e3b76e30efe6	56ab4ceb-ac6b-403f-8478-7d70c41942f8
b613f33c-f43c-46c7-8dde-fb33518960a4	3832b346-beba-4a73-b20c-479bfedb6d98
5d7f49b4-236b-433f-aeaa-19963dcd658b	e0cbd489-3a63-4c15-89c7-27838719be65
2793f603-ea50-48fe-9d08-4c980a4c1ee7	3abf2be6-d7e0-4604-95d9-d153f2a8b05a
b9325a35-f07b-477e-bcde-9f0d014e642b	808aad7d-7513-4604-8fa9-efb64a855afd
c6347191-0f31-46c0-97c9-489fd67642b5	d39d65b8-1e4a-4d84-b520-bce8add01444
a97b4098-2e96-46b2-82b9-1ddcd3150396	4fc936c2-62fa-4f2e-8655-4a5072fbcbe9
4618e14c-6a37-43ac-91e4-276f042edce6	dd53b1cc-40b7-4d60-89cd-e241e73c7105
33ab32e7-6848-46f7-8060-bcf70bdec24c	1726fa1f-4c96-4d44-b7bd-250a7cb74c27
9ea075a5-fc32-4cbc-b8d2-bc276c7eda57	42cf2862-91d6-4692-a042-c0bf1ba7f223
30d3faa1-e884-4c91-88da-2182e48a9e91	8c19f435-92fc-40e2-9c61-57cece7f940f
6d0ae46b-669c-47f1-b251-6ae547e844a0	be53946c-64a6-4e5b-b117-a89bac93958a
d470d40e-b95f-4a6b-ae33-634c606fd28a	b67e8202-2447-401a-9dbb-49bb2e93af30
d456b6f2-cb2f-4c93-8875-47c8d2dc5b5d	6bc0a67b-b1cc-42ba-b886-13cc035e0f25
5da6c1a3-91ea-4376-b5e7-d353631e970a	40daf279-445a-4eed-aae8-4b0129c05ea2
fa047f5b-e4f3-4e70-b78d-b3995057bf8f	e753b966-471c-43be-a995-6f0eb1cc77bc
edd1c5c7-9380-4f65-a710-57fa08dd67be	3bf0ba53-08ff-48fd-87a8-526bfebe5f53
49b2c978-aef6-45a6-99ad-7061902b1445	727e7997-3f42-4e23-a97b-1f70707d032c
1ae715de-b22e-4c2b-9204-ac21c5aabac1	69a6ea6e-dc00-4fef-95dd-adc5b613a1dd
5a87f0e5-9867-4907-a018-d62f16315b67	f1f4e717-aa11-47f0-8eae-4ca51a83eb88
e7ef6032-2430-4656-ab3f-e0f949cd74d2	4c11163a-3a01-4d14-bb0a-c0f703d79480
b3fa7f0a-26cf-43e2-a908-123b4229083e	45832834-deaa-45a0-9d8b-3aeb99a2e978
ee2da7ff-0756-462f-acfa-38db8a333b94	b06a0f4a-3815-4b1e-a502-0454bb25ac5b
85c50293-3302-442d-be58-5648308fd23d	1457358d-b588-4f26-8385-e26e8e74f4a5
13fe0ac9-0d04-41dd-8b87-303d7b85780c	46283d67-56c4-4055-a1d8-7356e80e7e98
6a0623c8-5546-4909-848f-47a13f28fe02	7f8a163a-30bc-4143-abba-ed7bb65adb60
bb90d160-39ca-4b6b-91da-940d4f11ff4f	5022916d-c810-4a55-939d-393ca3b15e0a
e72e3919-5aaa-4fd5-b2d2-c54db4333f0f	2749073c-cdeb-46ca-bb20-9c661264e453
c65b185f-b25f-4110-802e-c8c979a7fed6	d841ea94-ff3e-48d3-9df6-6fd4fe875b4d
cdb3d75b-572d-4d1f-9328-6fcc7dafe945	1ef7bb42-55fc-4838-a280-5243bedf30a0
75912f04-8243-4adf-aa3f-5ef369ddf41b	b607c947-df8c-4666-b189-fceff5c9b524
3545381a-4740-4852-af0b-5c12cfe70e5d	d01a37ed-564a-4c68-8ad1-15cbd36eadec
29ba2efd-18ad-4df8-b783-ae908b7a4ecc	6a8f7dcf-ae2f-4e52-ae95-cb95c617bffa
757e4ac4-82f9-4a24-886c-e8e3b5994875	89817ff4-e820-4c91-a08d-12ec915935f2
a0abbe11-961f-45d6-9826-a1b3cd9671d6	ca11f91f-52f1-475b-80e2-b407e8b1f48e
332d6939-a002-4d3c-88b8-3c52be3f9afc	f693a6cb-d0e0-41bd-adb4-07666407f637
ead0ab86-794d-4f1f-9eae-2dadaf7618df	88697e7a-f6ee-4556-9eb0-6307fb4a51e5
f6109a11-105b-4695-99fe-36c0700c4254	e8441ae6-ef78-46c2-b64f-ab02bd6c6b44
b2d6f5e3-b727-4d6a-b130-254b8605634c	1e5e33aa-a534-4e1c-8681-d24605aeb97d
0066967d-1f28-4248-8914-4c018e3fd4ec	a9fba0df-d74c-4976-95d9-f7159a2e6ede
49cc3242-60c9-44af-a871-35b52c212445	a5381969-50da-43d6-9acc-3081b846b25c
58191bc3-487b-4e7b-942d-2b68ed795f01	03677eb5-b0c1-437b-9584-056eb99bc8cd
24375707-78bb-4133-a3d0-42d91d52724a	ccb3571f-c7dc-4d30-bb1f-dadd272cf2a5